-- phpMyAdmin SQL Dump
-- version 5.2.1
-- https://www.phpmyadmin.net/
--
-- Host: localhost
-- Generation Time: Oct 27, 2023 at 12:40 PM
-- Server version: 10.4.28-MariaDB
-- PHP Version: 8.2.4

SET SQL_MODE = "NO_AUTO_VALUE_ON_ZERO";
START TRANSACTION;
SET time_zone = "+00:00";


/*!40101 SET @OLD_CHARACTER_SET_CLIENT=@@CHARACTER_SET_CLIENT */;
/*!40101 SET @OLD_CHARACTER_SET_RESULTS=@@CHARACTER_SET_RESULTS */;
/*!40101 SET @OLD_COLLATION_CONNECTION=@@COLLATION_CONNECTION */;
/*!40101 SET NAMES utf8mb4 */;

--
-- Database: `attendance`
--

-- --------------------------------------------------------

--
-- Table structure for table `admin`
--

CREATE TABLE `admin` (
  `id` int(11) NOT NULL,
  `user_id` varchar(200) NOT NULL,
  `name` varchar(100) NOT NULL,
  `email` varchar(200) NOT NULL,
  `password` varchar(200) NOT NULL
) ENGINE=InnoDB DEFAULT CHARSET=utf8mb4 COLLATE=utf8mb4_general_ci;

--
-- Dumping data for table `admin`
--

INSERT INTO `admin` (`id`, `user_id`, `name`, `email`, `password`) VALUES
(1, '9ca01beb5133840ae19f8438d3a87bcc', '', 'dadaadeife@gmail.com', '$2y$10$seI/y8cDRSNP9au.bUQ7jOZ28FLdA2CTWBS8UirTmhlMcomqh0i66');

-- --------------------------------------------------------

--
-- Table structure for table `Attendance`
--

CREATE TABLE `Attendance` (
  `id` int(11) NOT NULL,
  `student_id` varchar(100) NOT NULL,
  `course_id` int(11) NOT NULL,
  `attendance` enum('present','absent') NOT NULL DEFAULT 'present',
  `date_created` varchar(11) NOT NULL
) ENGINE=InnoDB DEFAULT CHARSET=utf8mb4 COLLATE=utf8mb4_general_ci;

--
-- Dumping data for table `Attendance`
--

INSERT INTO `Attendance` (`id`, `student_id`, `course_id`, `attendance`, `date_created`) VALUES
(1, '1', 9, 'present', '2023-10-09'),
(2, '77', 9, 'absent', '2023-10-09'),
(3, '102', 9, 'present', '2023-10-09'),
(4, '290', 9, 'present', '2023-10-09'),
(5, '304', 9, 'present', '2023-10-09'),
(6, '631', 9, 'absent', '2023-10-09'),
(7, '635', 9, 'present', '2023-10-09');

-- --------------------------------------------------------

--
-- Table structure for table `Courses`
--

CREATE TABLE `Courses` (
  `course_id` int(11) NOT NULL,
  `course_code` varchar(11) NOT NULL,
  `course_name` varchar(255) DEFAULT NULL,
  `department_id` int(11) NOT NULL,
  `level_id` int(11) DEFAULT NULL,
  `semester_id` int(11) DEFAULT NULL,
  `lecturer_id` int(11) DEFAULT NULL
) ENGINE=InnoDB DEFAULT CHARSET=utf8mb4 COLLATE=utf8mb4_general_ci;

--
-- Dumping data for table `Courses`
--

INSERT INTO `Courses` (`course_id`, `course_code`, `course_name`, `department_id`, `level_id`, `semester_id`, `lecturer_id`) VALUES
(9, 'GNS 101', 'USE OF ENGLISH I', 1, 1, 1, 68),
(10, 'MTH 111', 'LOGIC & LINEAR ALGEBRA I', 1, 1, 1, 54),
(11, 'GNS 111', 'CITIZENSHIP EDUCATION I', 1, 1, 1, 27),
(12, 'MEC 101', 'TECHNICAL DRAWING I', 1, 1, 1, 13),
(13, 'MEC 113', 'BASIC WORKSHOP TECHNOLOGY & PRACTICE', 1, 1, 1, 67),
(14, 'EEC 115', 'ELECTRICAL ENGINEERING SCIENCE I', 1, 1, 1, 61),
(15, 'EED 126', 'INTRODUCTION TO ENTREPRENEURSHIP', 1, 1, 1, 58),
(16, 'CTE 111', 'INTRODUCTION TO COMPUTER & INFO TECHNOLOGY', 1, 1, 1, 4),
(18, 'GNS 106', 'INTRODUCTION TO PHYSCHOMETRIC STUDIES', 1, 1, 1, 0),
(19, 'CTE 112', 'ELCTRICAL WORKSHOP PRACTICE  & TECHNOLOGY', 1, 1, 1, 136),
(20, 'GEM 101', 'GENERAL MATHEMATICS', 1, 1, 1, 109),
(21, 'ESR 101', 'EMBEDDED SYSTEMS & ROBOTICS', 1, 1, 1, 0),
(22, 'ESR 101', 'EMBEDDED SYSTEMS & ROBOTICS', 1, 1, 1, 0),
(23, 'CTE 113', 'COMPUTER APPLICATION PACKAGES', 1, 1, 1, 91),
(24, 'GNS 102', 'COMMUNICATION IN ENGLISH I', 1, 1, 2, 42),
(25, 'EEC 124', 'ELECTRONICS I', 1, 1, 2, 76),
(26, 'EEC 125', 'ELCTRICAL ENGINEERING SCIENCE II', 1, 1, 2, 61),
(27, 'MTH 113', 'ALGEBRA & ELEMENTARY TRIGONOMETRY', 1, 1, 2, 48),
(28, 'CTE 121', 'DIGITAL COMPUTER  FUNDAMENTALS I', 1, 1, 2, 4),
(29, 'CTE 122', 'ELECTRICAL MEASUREMENT & INSTRUMENTATION ', 1, 1, 2, 41),
(30, 'CTE 124', 'TECHNICAL REPORT WRITING', 1, 1, 2, 58),
(31, 'CTE 125', 'INTERNET & WEB TECHNOLOGY', 1, 1, 2, 120),
(32, 'MEC 123', 'MACHINE TOOLS TECHNOLOGY & PRACTICE', 1, 1, 2, 66),
(33, 'CTE 123', 'COMPUTER/ELECTRONIC MAINTENANCE & REPAIR', 1, 1, 2, 4),
(34, 'GNS 131', 'CITIZENSHIP EDUCATION', 1, 1, 2, 141),
(35, 'GNS 101', 'USE OF ENGLISH I', 3, 3, 1, 68),
(36, 'MTH 111', 'LOGIC & LINEAR ALGEBRA I', 3, 3, 1, 98),
(37, 'GNS 111', 'CITIZENSHIP EDUCATION I', 3, 3, 1, 141),
(38, 'MEC 101', 'TECHNICAL DRAWING  I', 3, 3, 1, 13),
(39, 'MEC 113', 'BASIC WORKSHOP TECHNOLOGY & PRACTICE  I', 3, 3, 1, 124),
(40, 'EEC 115', 'ELECTRICAL ENGINEERING SCIENCE  I', 3, 3, 1, 39),
(41, 'EED 126', 'INTRODUCTION TO ENTREPRENEURSHIP', 3, 3, 1, 58),
(42, 'ESR 101', 'EMBEDDED SYSTEMS & ROBOTICS', 3, 3, 1, 0),
(43, 'GEM 101', 'GENERAL MATHEMATICS', 3, 3, 1, 106),
(44, 'CTE 112', 'ELECTRICAL WORKSHOP PRACTICE & TECHNOLOGY', 3, 3, 1, 136),
(45, 'GNS 106', 'INTRODUCTION TO PSYCHOMETRIC STUDIES', 3, 3, 1, 0),
(46, 'CTE 111', 'INTRODUCTION TO COMPUTER & IT', 3, 3, 1, 4),
(47, 'CTE 113', 'COMPUTER APPLICATION PACKAGES', 3, 3, 1, 91),
(48, 'CTE 115', 'DATA STRUCTURES', 3, 3, 1, 109),
(49, 'EEC 124', 'ELECTRONICS I', 3, 3, 2, 76),
(50, 'GNS 102', 'COMMUNICATION IN ENGLISH', 3, 3, 2, 42),
(51, 'EEC 125', 'ELECTRICAL ENGINEERING SCIENCE II', 3, 3, 2, 39),
(52, 'MTH 113', 'ALGEBRA & ELEMENTARY TRIGONOMETRY', 3, 3, 2, 23),
(53, 'EEC 127', 'ELECTRICAL WORKSHOP PRACTICE & TECHNOLOGY  II', 3, 3, 2, 136),
(54, 'GNS 131', 'CITIZENSHIP EDUCATION II', 3, 3, 2, 2),
(55, 'MEC 123', 'MACHINE TOOLS TECHNOLOGY & PRACTICE', 3, 3, 2, 66),
(56, 'CTE 122', 'ELECTRICAL MEASUREMENT & INSTRUMENTATION', 3, 3, 2, 41),
(57, 'CTE 123', 'COMPUTER/ ELECTRONICS MAINTENANCE & REPAIR', 3, 3, 2, 4),
(58, 'CTE 124', 'TECHNICAL REPORT WRITING', 3, 3, 2, 58),
(59, 'CTE 125', 'INTERNET & WEB TECHNOLOGY', 3, 3, 2, 120),
(61, 'CTE 121', 'DIGITAL COMPUTER FUNDAMENTALS ', 3, 3, 2, 40),
(62, 'MTH 114', 'CALCULUS', 2, 2, 1, 130),
(63, 'EEC 234', 'ELECTRONICS', 2, 2, 1, 76),
(64, 'EEC 239', 'ELECTRIC CIRCUIT THEORY I', 2, 2, 1, 92),
(65, 'GNS 201', 'USE OF ENGLISH', 2, 2, 1, 55),
(66, 'CTE 231', 'MICRO COMPUTER FUNDAMENTALS II', 2, 2, 1, 58),
(67, 'CTE 232', 'COMPUTER WORKSHOP PRACTICE I', 2, 2, 1, 106),
(68, 'ESR 201', 'EMBEDDED SYSTEM & ROBOTICS II', 2, 2, 1, 0),
(69, 'CTE 233', 'DIGITAL COMPUTER FUNDAMENTALS II', 2, 2, 1, 4),
(70, 'CTE 234', 'COMPUTER ARCHITECTURE I', 2, 2, 1, 103),
(71, 'CTE 235', 'ELECTRICAL MEASUREMENT & INSTRUMENTATION II', 2, 2, 1, 103),
(72, 'CTE 236', 'INTRODUCTION TO VISUAL BASIC PROGRAMMING ', 2, 2, 1, 5),
(73, 'GNS 206', 'INTRODUCTION TO PSYCHOMETRIC STUDIES', 2, 2, 1, 0),
(74, 'GNS 202', 'COMMUNICATION IN ENGLISH I', 2, 2, 2, 68),
(75, 'MTH 122', 'TRIGONOMETRY & ANALYTICAL GEOMETRY', 2, 2, 2, 64),
(76, 'EEC 229', 'ELECTRIC CIRCUIT THEORY II', 2, 2, 2, 92),
(78, 'EED 216', 'PRACTICE OF ENTREPRENEURSHIP', 2, 2, 2, 35),
(79, 'CTE 221', 'INTRO TO MICROPROCESSOR & ASSEMBLY LANGUAGE', 2, 2, 2, 109),
(80, 'CTE 224', 'COMPUTER POWER SYSTEM/ INTRODUCTION TO CONTROL', 2, 2, 2, 109),
(81, 'CTE 225', 'TELECOMMUNICATION ENGINEERING I', 2, 2, 2, 136),
(82, 'CTE 222', 'COMPUTER WORKSHOP PRACTICE II', 2, 2, 2, 106),
(83, 'CTE 223', 'OPERATING SYSTEM', 2, 2, 2, 103),
(84, 'MTH 114', 'CALCULUS', 4, 4, 1, 48),
(85, 'CTE 211', 'MICRO COMPUTER FUNDAMENTALS', 4, 4, 1, 58),
(86, 'GNS 201', 'USE OF ENGLISH II', 4, 4, 1, 55),
(87, 'ESR 201', 'EMBEDEDDED SYSTEM & ROBOTICS II', 4, 4, 1, 0),
(88, 'CTE 213', 'DIGITAL COMPUTER FUNDAMENTALS II', 4, 4, 1, 40),
(89, 'EEC 214', 'ELECTRONICS II', 4, 4, 1, 61),
(90, 'EEC 219', 'ELECTRICAL CIRCUIT THEORY I', 4, 4, 1, 92),
(91, 'CTE 212', 'ELECTRICAL WORKSHOP PRACTICE I', 4, 4, 1, 106),
(92, 'CTE 214', 'COMPUTER ARCHITECTURE I', 4, 4, 1, 35),
(93, 'CTE 215', 'ELECTRICAL MEASUREMENT & INSTRUMENTATION ', 4, 4, 1, 103),
(94, 'GNS 202', 'COMMUNICATION IN ENGLISH II', 4, 4, 2, 119),
(95, 'MTH 122', 'TRIGONOMETRY & ANALYTICAL GEOMETRY', 4, 4, 2, 48),
(96, 'EED 216', 'ENTREPRENEURSHIP DEVELOPMENT', 4, 4, 2, 35),
(97, 'EEC 229', 'ELECTRICAL CIRCUIT THEORY II', 4, 4, 2, 92),
(99, 'CTE 221', 'INTRO TO MICROPROCESSOR & ASSEMBLY LANGUAGE', 4, 4, 2, 109),
(100, 'CTE 225', 'TELECOMMUNICATION ENGINEERING I', 4, 4, 2, 136),
(101, 'CTE 224', 'COMP POWER SYSTEM/ INTROSUCTION TO COMPUTER', 4, 4, 2, 58),
(102, 'CTE 227', 'COMPUTER NETWORK ', 4, 4, 2, 5),
(103, 'CTE 228', 'INTRODUCTION TO RESEARCH METHODOLOGY', 4, 4, 2, 120),
(104, 'CTE 223', 'OPERATING SYSTEM ', 4, 4, 2, 103),
(105, 'CTE 222', 'COMPUTER WORKSHOP PRACTICE II', 4, 4, 2, 106),
(106, 'CTE 236', 'INTRODUCTION TO VISUAL BASIC ', 4, 4, 2, 5),
(107, 'GNS 311', 'ENGINEERING IN SOCIETY', 5, 5, 1, 35),
(108, 'MTH311', 'ADVANCED ALGEBRA', 5, 5, 1, 64),
(109, 'EEC 323', 'ELECTRIC CIRCUIT THEORY II', 5, 5, 1, 96),
(110, 'CTE 312', 'ELCTRICAL MEASUREMENT & INSTRUMENTATION II', 5, 5, 1, 103),
(111, 'CTE 323', 'COMPUTER PROGRAMMING IN C& C++', 5, 5, 1, 120),
(112, 'EEC 315', 'ELECTRONICS II', 5, 5, 1, 92),
(113, 'CTE 315', 'ELECTRONICS DESIGN & PROTOTYPING ', 5, 5, 1, 103),
(114, 'CTE 316', 'COMPUTER SYSTEM INSTALLATION & MAINTENANCE ', 5, 5, 1, 120),
(115, 'CTE 317', 'TELECOMMUNICATION ENGINEERING II ', 5, 5, 1, 136),
(116, 'EED 126', 'INTRODUCTION TO ENTREPRENEURSHIP ', 5, 5, 1, 0),
(118, 'CTE 314', 'OPERATING SYSTEM II', 5, 5, 1, 103),
(123, 'GNS 302', 'COMMUNICATION IN ENGLISH III', 5, 5, 2, 2),
(125, 'MTH 312', 'ADVANCED CALCULUS ', 5, 5, 2, 33),
(126, 'CTE 324', 'FIBER OPTIC FUNDAMENTALS', 5, 5, 2, 106),
(128, 'EEC 328', 'TESTING METHOD & RELIABILITY', 5, 5, 2, 22),
(129, 'CTE 321', 'COMPUTER HARDWARE SYSTEM DESIGN ', 5, 5, 2, 5),
(130, 'CTE 322', 'MOBILE & WIRELESS COMMUNICATION  ', 5, 5, 2, 91),
(131, 'EEC 326', 'CONTROL ENGINEERING 1', 5, 5, 2, 90),
(132, 'CTE 323', 'PYTHON PROGRAMMING', 5, 5, 2, 106),
(133, 'EEC 324', 'ELECTRONICS II', 5, 5, 2, 92),
(142, 'ABE 101', 'INTRODUCTION TO AGRIC AND BIO-ENVIRONMENTAL ENGINEERING', 7, 1, 1, 101),
(143, 'ESR 101', 'EMBEDDED SYSTEMS & ROBOTICS I', 7, 1, 1, 0),
(144, 'AGT 111', 'PRINCIPLES OF CROP PRODUCTION', 7, 1, 1, 100),
(145, 'MTH 321	', 'NUMERICAL METHODS IN ENGINEERING', 6, 6, 1, 33),
(146, 'GNS 417', 'FRENCH FOR TECHNICAL PURPOSE I', 6, 6, 1, 122),
(147, 'GNS 401', 'COMMUNICATION IN ENGLISH IV', 6, 6, 1, 55),
(148, 'EEC 413', 'CONTROL ENGINEERING II', 6, 6, 1, 22),
(150, 'CTE 411	', 'COMPUTER TECHNOLOGY', 6, 6, 1, 109),
(152, 'CTE 412', 'DATA COMMUNICATION & COMPUTER NETWORK', 6, 6, 1, 106),
(153, 'CTE 413', 'COMPUTER ARCHITECTURE II', 6, 6, 1, 41),
(154, 'CTE 414', 'MICROPROCESSOR & EMBEDDED SYSTEM', 6, 6, 1, 106),
(155, 'CTE 415', 'COMPUTER GRAPHICS & ANIMATION', 6, 6, 1, 91),
(156, 'CTE 416', 'SOFTWARE ENGINEERING', 6, 6, 1, 109),
(157, 'EED 413', 'ENTREPRENEURSHIP DEVELOPMENT', 6, 6, 2, 58),
(158, 'EED 413', 'ENTREPRENEURSHIP DEVELOPMENT', 6, 6, 2, 58),
(159, 'GNS 428', 'FRENCH FOR TECHNICAL PURPOSE II', 6, 6, 2, 122),
(160, 'STA 429', 'STATISTICAL METHODS IN ENGINEERING', 6, 6, 2, 93),
(161, 'CTE 421', 'MICROPROCESSOR IN CONTROL & INSTRUMENTATION', 6, 6, 2, 106),
(162, 'CTE 422', 'ARTIFICIAL INTELLIGENCE', 6, 6, 2, 103),
(163, 'CTE 423', 'PROJECT MANAGEMENT', 6, 6, 2, 40),
(164, 'CTE 424', 'INTRODUCTION TO DIGITAL SIGNAL PROCESSING', 6, 6, 2, 120),
(165, 'CTE 426', 'RESEARCH METHODOLOGY', 6, 6, 2, 35),
(166, 'GNS 101', 'USE OF ENGLISH', 31, 1, 1, 68),
(167, 'GNS 111', 'CITIZENSHIP EDUCATION I', 31, 1, 1, 62),
(168, 'MTH 111', 'LOGIC & LINEAR ALGEBRA', 31, 1, 1, 48),
(169, 'EED 126', 'INTRODUCTION TO ENTREPRENEURSHIP', 31, 1, 1, 0),
(170, 'WEC 110', 'MATERIAL SCIENCE', 31, 1, 1, 113),
(171, 'WEC 112', 'WELDING TECHNOLOGY I', 31, 1, 1, 118),
(172, 'ICT 101', 'INTRODUCTION TO COMPUTING', 31, 1, 1, 89),
(173, 'MEC 113	', 'BASIC WORKSHOP PRACTICE', 31, 1, 1, 32),
(174, 'MEC 101', 'TECHNICAL DRAWING(GEOMETRY CONSTR)', 31, 1, 1, 57),
(175, 'EEC 113	', 'INTRODUCTION TO ELECTRICAL MACHINES AND INSTALLATION', 31, 1, 1, 78),
(176, 'GEM 101	', 'GENERAL ENGINEERING MATHEMATICS', 31, 1, 1, 137),
(177, 'MEC 112	', 'ENGINEERING MECHANICS(STATICS)', 31, 1, 1, 28),
(187, 'WEC 120	', 'MATERIAL SCIENCE II', 31, 1, 2, 113),
(188, 'WEC 121', 'WELDING METAULLURGY I', 31, 1, 2, 31),
(189, 'WEC 122', 'METAULLOGRAPHIC', 31, 1, 2, 31),
(190, 'WEC 123', 'FABRICATION PROCESS', 31, 1, 2, 118),
(191, 'WEC 124', 'WELDING TECHNOLOGY', 31, 1, 2, 118),
(192, 'WEC 111', 'FABRICATION TECHNOLOGY', 31, 1, 2, 118),
(193, 'STA 111	', 'INTRODUCTION TO STATISTICS', 31, 1, 2, 12),
(194, 'ICT 201	', 'COMPUTER AIDED DESIGN AND DRAFTING', 31, 1, 2, 95),
(195, 'MTH 113	', 'ALGEBRA & ELEMENTARY TRIGONOMETRY', 31, 1, 2, 48),
(196, 'WEC 102	', 'INNOVATION AND ACQUISITION OF OF TECHNOLOGY', 31, 1, 2, 80),
(197, 'MEC 124	', 'ENGINEERING MECHANICS (DYNAMICS)', 31, 1, 2, 124),
(198, 'MEC 121	', 'TECHNICAL DRAWING (DESCRIPTIVE GEO)', 31, 1, 2, 57),
(199, 'MEC 218	', 'TECHNICAL REPORT WRITING', 32, 2, 1, 118),
(200, 'GNS 201	', 'USE OF ENGLISH', 32, 2, 1, 107),
(201, 'MTH 114	', 'CALCULUS', 32, 2, 1, 33),
(202, 'MEC 211	', 'ENGINEERING DRAWING I', 32, 2, 1, 57),
(203, 'MEC 212	', 'ENGINEERING MEASUREMENT', 32, 2, 1, 3),
(204, 'MEC 210	', 'WELDING METAULLURGY II', 32, 2, 1, 113),
(205, 'MEC 214	', 'FLUID MECHANICS', 32, 2, 1, 127),
(206, 'MEC 203	', 'UNDER WATER WELDING', 32, 2, 1, 31),
(208, 'MEC 215	', 'FOUNDRY TECH. & PRACTISE', 32, 2, 1, 137),
(209, 'MTH 112	', 'TRIGONOMETRY & ANALYTICAL GEOMETRY ENGINEERING', 32, 2, 2, 33),
(210, 'WEC 220	', 'WELDING TECHNOLOGY IV', 32, 2, 2, 118),
(211, 'WEC 222	', 'BASIC ELEMENT WELD & FABRICATION DESI', 32, 2, 2, 118),
(212, 'MEC 223	', 'ENGINEERING DRAWING II', 32, 2, 2, 57),
(213, 'WEC 223	', 'TESTING & EVALUATIONS OF WELDS', 32, 2, 2, 118),
(214, 'WEC 224	', 'INTRODUCTION TO PLASTIC WELDING', 32, 2, 2, 31),
(215, 'EED 216	', 'INTRODUCTION TO ENTREPRENEURSHIP', 32, 2, 2, 0),
(216, 'WEC 226	', 'HEALTH, SAFETY & ENVIRONMENT', 32, 2, 2, 113),
(217, 'BAM 228	', 'SUPERVISORY MANAGEMENT', 32, 2, 2, 47),
(218, 'GNS 101		', 'USE OF ENGLISH I', 11, 1, 1, 17),
(219, 'GNS 111		', 'CITIZENSHIP EDUCATION I', 11, 1, 1, 16),
(220, 'MTH 111		', 'LOGIC AND LINEAR ALGEBRA I', 11, 1, 1, 48),
(222, 'MEC 101	', 'TECHNICAL DRAWING I', 11, 1, 1, 13),
(223, 'EEC 115	', 'ELECTRICAL ENGINEERING SCIENCE I', 11, 1, 1, 26),
(224, 'ICT 101		', 'INTRODUCTION TO COMPUTING', 11, 1, 1, 3),
(225, 'EED 126			', 'INTRODUCTION TO ENTREPRENEURSHIP', 11, 1, 1, 97),
(226, 'MEC 212				', 'ENGINEERING MEASUREMENT', 11, 1, 1, 3),
(227, 'GEM 101				', 'GENERAL ENGINEERING MATHEMATICS	', 11, 1, 1, 1),
(228, 'MEC 113				', 'MECHANICAL WORKSHOP TECHNOLOGY & PRACTICE	', 11, 1, 1, 28),
(229, 'MEC 112				', 'ENGINEERING MECHANICS I (STATICS)	', 11, 1, 1, 28),
(230, 'MTH 113			', 'ALGEBRA AND ELEMENTARY TRIGONOMETRY', 11, 1, 2, 48),
(231, 'COM 113			', 'INTRODUCTION TO COMPUTER PROGRAMMING', 11, 1, 2, 131),
(232, 'MCE 115			', 'SPARK IGNITION ENGINE', 11, 1, 2, 28),
(233, 'MEC 102			', 'TECHNICAL DRAWING II (DESCRIPTIVE GEOMETRY)', 11, 1, 2, 57),
(234, 'MEC 224		', 'PROPERTIES OF MATERIALS', 11, 1, 2, 71),
(235, 'MCE 104		', 'ELECTRONIC DEVICES AND CIRCUITS I', 11, 1, 2, 1),
(236, 'MCE 106		', 'COOLING AND LUBRICATION SYSTEMS', 11, 1, 2, 28),
(237, 'MCE 108		', 'FUNDAMENTALS OF AUTO ELECTRIC SYSTEMS', 11, 1, 2, 28),
(238, 'MCE 110			', 'FUNDAMENTAL OF MECHATRONICS I', 11, 1, 2, 97),
(239, 'STA 111			', 'INTRODUCTION TO STATISTICS', 11, 1, 2, 12),
(240, 'MCE 299				', 'INDUSTRIAL WORK EXPERIENCE (IN PLANT TRAINING)', 12, 2, 1, 97),
(241, 'MTH 112				', 'TRIGONOMETRY AND ANALYTICAL GEOMETRY	', 12, 2, 2, 64),
(242, 'MCE 202 			', 'ELECTRONIC DEVICES AND CIRCUITS II', 12, 2, 2, 97),
(243, 'MCE 204				', 'AUTOMATIVE ELECTRONICS', 12, 2, 2, 28),
(244, 'MCE 206				', 'ENGINE MAINTENANCE AND DIAGONISTIC MANAGEMENT', 12, 2, 2, 28),
(245, 'MCE 208				', 'CONTROL SYSTEM I', 12, 2, 2, 97),
(246, 'MCE 210				', 'FUNDAMENTAL OF MECHATRONICS', 12, 2, 2, 97),
(247, 'MCE 212			', 'CHASIS SYSTEM', 12, 2, 2, 28),
(248, 'MCE 216				', 'COMPRESSION IGNITION ENGINE', 12, 2, 2, 51),
(249, 'EED 216				', 'PRACTICE OF ENTREPRENEURSHIP', 12, 2, 2, 97),
(250, 'ABE 101				', 'INTRODUCTION TO AGRIC AND BIO-ENVIRONMENTAL ENGINEERING', 7, 1, 1, 101),
(251, 'AGT 111				', 'PRINCIPLES OF CROP PRODUCTION', 7, 1, 1, 100),
(252, 'MEC 101				', 'TECHNICAL DRAWING I (GEOMETRY CONSTRUCTION)', 7, 1, 1, 87),
(253, 'EEC 115				', 'ELECTRICAL ENGINEERING SCIENCE I', 7, 1, 1, 49),
(254, 'ABE 112				', 'TRACTOR OPERATION AND MAINTENANCE', 7, 1, 1, 56),
(255, 'GNS 111				', 'CITIZENSHIP EDUCATION I', 7, 1, 1, 86),
(256, 'GNS 101				', 'USE OF ENGLISH I', 7, 1, 1, 27),
(257, 'ICT 101				', 'INTRODUCTION TO COMPUTING', 7, 1, 1, 131),
(258, 'MTH 111			', 'LOGIC AND LINEAR ALGEBRA', 7, 1, 1, 130),
(259, 'EED 126			', 'INTRODUCTION TO ENTREPRENEURSHIP', 7, 1, 1, 75),
(260, 'AGT 113			', 'INTRODUCTION TO SOIL SCIENCE', 7, 1, 1, 100),
(261, 'GEM 101			', 'GENERAL ENGINEERING MATHEMATICS', 7, 1, 1, 15),
(262, 'ABE 121				', 'CONSTRUCTION AND MAINTENANCE OF PROCE & STORAGE FACILITIES', 7, 1, 2, 87),
(263, 'ABE 122			', 'FARM MACHINERY AND MECHANISATION', 7, 1, 2, 15),
(264, 'ABE 102			', 'REPAIR AND MAINTENANCE OF FARM IMPLEMENTS', 7, 1, 2, 36),
(265, 'ABE 125		', 'INTRODUCTION TO LIVESTOCK MECHANISATION', 7, 1, 2, 56),
(266, 'MTH 113		', 'ALGEBRA & ELEMENTARY TRIGONOMETRY', 7, 1, 2, 48),
(267, 'GNS 102	', 'COMMUNICATION IN ENGLISH II', 7, 1, 2, 29),
(268, 'ICT 201	', 'CAD/DRAFTING', 7, 1, 2, 72),
(269, 'MEC 102	', 'TECHNICAL DRAWING II (DESCRIPTIVE GEOMETRY)', 7, 1, 2, 87),
(270, 'MEC 122	', 'THERMODYNAMICS', 7, 1, 2, 3),
(271, 'STA 111	', 'INTRODUCTION TO STATISTICS', 7, 1, 2, 12),
(272, 'MTH 112		', 'TRIGONOMETRIC AND ANALYTICAL GEOMETRY', 7, 1, 2, 48),
(275, 'MEC 214		', 'FLUID MECHANICS', 8, 2, 1, 38),
(277, 'ABE 203		', 'AGRIC MATERIALS HANDLING TECHNOLOGY', 8, 2, 1, 15),
(278, 'ABE 211			', 'FARM ELECTRIFICATION', 8, 2, 1, 101),
(279, 'MEC 213			', 'THERMODYNAMICS II	', 8, 2, 1, 3),
(281, 'MTH 114		', 'CALCULUS	', 8, 2, 1, 48),
(282, 'ABE 222	', 'FARM MACHINERY & MECHANIZATION II', 8, 2, 1, 101),
(283, 'ABE 227	', 'TECHNICAL REPORT WRITING', 8, 2, 1, 15),
(284, 'MEC 211	', 'ENGINEERING DRAWING', 8, 2, 1, 87),
(286, 'GNS 201	', 'USE OF ENGLISH', 8, 2, 1, 68),
(287, 'ABE 230	', 'FARM MACHINERY MANAGEMENT', 8, 2, 2, 56),
(288, 'ABE 224	', 'CONSTRUCTION AND MAINTENANCE OF FARM STRUCTURES', 8, 2, 2, 15),
(289, 'ABE 225	', 'POST HARVEST TECHNOLOGIES AND STORAGE', 8, 2, 2, 101),
(290, 'MEC 222', 'STRENGTH OF MATERIALS', 8, 2, 2, 67),
(291, 'MEC 224	', 'PROPERTIES OF MATERIALS', 8, 2, 2, 124),
(292, 'MEC 223	', 'ENGINEERING DRAWING II', 8, 2, 2, 87),
(293, 'MTH 112', 'TRIGONOMETRY & ANALYTICAL GEOMETRY', 8, 2, 2, 33),
(294, 'EED 216	', 'PRACTICE OF ENTREPRENEURSHIP', 8, 2, 2, 75),
(295, 'AGT 230		', 'AGRIC EXTENSION', 8, 2, 2, 74),
(296, 'IAE 112	', 'RURAL SOCIOLOGY & AGRICULTURAL EXTENSION', 8, 2, 2, 88),
(297, 'ABE 316	', 'THEORY  OF STRUCTURES', 9, 5, 1, 87),
(298, 'ABE 311	', 'LAND CLEARING & DEVELOPMENT', 9, 5, 1, 36),
(299, 'MEP 322	', 'SAFETY', 9, 5, 1, 56),
(300, 'ABP 311	', 'AGRICULTURAL MACHINE DRAWING ', 9, 5, 1, 72),
(301, 'ABP 312	', 'HEAT ENGINES ', 9, 5, 1, 101),
(302, 'MEC 315	', 'MECHANICS OF MACHINES', 9, 5, 1, 15),
(303, 'MTH 311	', 'ADVANCED ALGEBRA', 9, 5, 1, 64),
(304, 'ABE 313	', 'LAND LAW', 9, 5, 2, 135),
(305, 'ABE 314	', 'INSTRUMENTATION', 9, 5, 2, 56),
(306, 'ABE 315		', 'RURAL ELECTRIFICATION', 9, 5, 2, 101),
(307, 'ABP 321		', 'FARM TRACTOR SYSTEMS OPERATIONS & MAINTENANCE', 9, 5, 2, 24),
(308, 'ABP 321		', 'FARM TRACTOR SYSTEMS OPERATIONS & MAINTENANCE', 9, 5, 2, 24),
(309, 'ABP 322		', 'TILLAGE AND PLANTING MACHINERY	', 9, 5, 2, 24),
(310, 'ABP 323	', 'PROPERTIES OF BIOLOGICAL MATERIALS', 9, 5, 2, 36),
(311, 'ABP 325	', 'ENGINEERING COMPUTER APPLICATIONS II', 9, 5, 2, 101),
(312, 'ABE 317	', 'TECHNICAL REPORT WRITING II', 9, 5, 2, 15),
(313, 'MTH 312	', 'ADVANCED CALCULUS', 9, 5, 2, 23),
(314, 'MTH 312	', 'ADVANCED CALCULUS', 9, 5, 2, 23),
(315, 'ABE 318	', 'PRINCIPLES OF SURVEYING AND FARM BUILDINGS', 9, 5, 2, 87),
(316, 'GNS 413	', 'INDUSTRIAL MANAGEMENT', 9, 5, 2, 31),
(317, 'CEC 212	', 'SOIL MECHANICS', 9, 5, 2, 82),
(318, 'CPT 313	', 'AGRO CLIMATOLOGY', 10, 6, 1, 88),
(319, 'ABP 431	', 'CROP PROTECTION AND HARVESTING MACHINERY', 10, 6, 1, 36),
(320, 'APT 311	', 'LIVESTOCK FARM MECHANIZATION', 10, 6, 1, 56),
(321, 'ABP 432	', 'FARM WORKSHOP ORGANISATION AND MANAGEMENT', 10, 6, 1, 24),
(323, 'ABP  434	', 'FARM MACHINERY DESIGN AND CONSTRUCTION', 10, 6, 1, 72),
(324, 'ABP 435	', 'FARM WASTE MANAGEMENT', 10, 6, 1, 36),
(325, 'MTH 321	', 'NUMERICAL METHOD', 10, 6, 1, 33),
(326, 'GNS 417', 'FRENCH FOR TECHNICAL PURPOSES I', 10, 6, 1, 62),
(327, 'ABE 437	', 'RESEARCH METHODOLOGY', 10, 6, 1, 24),
(328, 'ABP 433	', 'CROP PROCESSING AND HANDLING MACHINERY', 10, 6, 1, 72),
(329, 'TPM 218	', 'PRINCIPLES & TECHNIQUES OF VEHICLE DRIVING', 10, 6, 1, 126),
(330, 'AGR 402	', 'AGRICULTURAL PERSONNEL MANAGEMENT', 10, 6, 2, 56),
(331, 'ABP 441	', 'TRACTOR AND THEIR POWER UNITS', 10, 6, 2, 72),
(332, 'ABP 442	', 'FARM POWER AND MACHINERY MANAGEMENT', 10, 6, 2, 24),
(333, 'ABP 443	', 'CROP DRYING AND STORAGE', 10, 6, 2, 15),
(334, 'ABP 446	', 'AGRICULTURAL ENGINEERING IN DEVELOPMENT', 10, 6, 2, 72),
(335, 'STA 429	', 'STATISTICAL METHOD IN ENGINEERING', 10, 6, 2, 93),
(336, 'EED 413	', 'ENTREPRENEURSHIP DEVELOPMENT ', 10, 6, 2, 75),
(341, 'GNS 428	', 'FRENCH FOR TECHNICAL PURPOSES II	', 10, 6, 2, 62),
(342, 'SUG 101	', 'BASIC PRINCIPLES IN SURVEYING I', 25, 1, 1, 85),
(343, 'CEC 103	', 'WORKSHOP TECHNOLOGY I', 25, 1, 1, 140),
(344, 'CEC 105	', 'CIVIL ENGINEERING CONSTRUCTION I', 25, 1, 1, 44),
(345, 'MTH 111	', 'LOGI AND LINEAR ALGEBRA I', 25, 1, 1, 130),
(346, 'CEC 107	', 'INTRODUCTION TO FLUID MECHANICS', 25, 1, 1, 6),
(347, 'EED 126	', 'INTRODUCTION TO ENTREPRENEURSHIP', 25, 1, 1, 128),
(348, 'GNS 101	', 'USE OF ENGLISH I', 25, 1, 1, 42),
(349, 'GNS 111	', 'CITIZENSHIP EDUCATION I', 25, 1, 1, 82),
(350, 'GNS 221	', 'PHYSICAL & HEALTH EDUCATION I	', 25, 1, 1, 121),
(351, 'ICT 101	', 'INTRODUCTION TO COMPUTING', 25, 1, 1, 50),
(353, 'GEM 101	', 'GENERAL ENGINEERING MATHEMATICS ', 25, 1, 1, 110),
(354, 'MEC 101	', 'TECHNICAL DRAWING I	', 25, 1, 1, 134),
(355, 'SUG 102	', 'BASIC PRINCIPLES IN SURVEYING II', 25, 1, 2, 85),
(356, 'ICT 102	', 'INTRODUCTION TO PROGRAMMING USING Q-BASIC', 25, 1, 2, 45),
(357, 'CEC 102	', 'INTRODUCTION TO HYDROLOGY ', 25, 1, 2, 116),
(358, 'CEC 108	', 'ENGR. GEOLOGY AND BASIC SOIL MECHANICS', 25, 1, 2, 115),
(360, 'CEC 110	', 'CIVIL ENGINEERING CONSTRUCTION', 25, 1, 2, 44),
(361, 'CEC  104	', 'SCIENCE AND PROPERTIES OF MATERIALS	', 25, 1, 2, 110),
(363, 'STA 111	', 'INTRODUCTION TO STATISTICS	', 25, 1, 2, 12),
(364, 'MTH 113	', 'ALGEBRA  AND ELEMENTARY TRIGONOMETRY	', 25, 1, 2, 54),
(365, 'ICT 201	', 'COMPUTER AIDED DESIGN & DRAFTING I	', 25, 1, 2, 114),
(367, 'MEC 102	', 'TECHNICAL DRAWING II(DESCRIPTIVE GEOMETRY)	', 25, 1, 2, 134),
(368, 'SUG 101	', 'BASIC PRINCIPLES IN SURVEYING I', 27, 3, 1, 85),
(369, 'GNS 221	', 'PHYSICAL & HEALTH EDUCATION I', 27, 3, 1, 121),
(371, 'CEC 101	', 'STRUCTURAL MECHANICS', 27, 3, 1, 83),
(372, 'CEC 105	', 'CIVIL ENGINEERING CONSTRUCTION I', 27, 3, 1, 44),
(374, 'MTH 111	', 'LOGI AND LINEAR ALGEBRA I', 27, 3, 1, 129),
(375, 'GNS 101	', 'USE OF ENGLISH I', 27, 3, 1, 2),
(376, 'EED 126	', 'INTRODUCTION TO ENTREPRENEURSHIP', 27, 3, 1, 128),
(377, 'GNS 111		', 'CITIZENSHIP EDUCATION I', 27, 3, 1, 43),
(378, 'MEC 101	', 'TECHNICAL DRAWING I	', 27, 3, 1, 134),
(380, 'ICT 101	', 'INTRODUCTION TO COMPUTING', 27, 3, 1, 45),
(381, 'GEM 101	', 'GENERAL ENGINEERING MATHEMATICS', 27, 3, 1, 85),
(382, 'SUG 102		', 'BASIC PRINCIPLES IN SURVEYING II', 27, 3, 2, 85),
(384, 'CEC 104	', 'SCIENCE AND PROPERTIES OF MATERIALS', 27, 3, 2, 85),
(385, 'CEC 106	', 'STRENGTH OF MATERIALS', 27, 3, 2, 83),
(387, 'CEC 108	', 'ENGR. GEOLOGY AND BASIC SOIL MECHANICS', 27, 3, 2, 110),
(388, 'STA 111	', 'INTRODUCTION TO STATISTICS', 27, 3, 2, 12),
(390, 'MTH 113		', 'ALGEBRA  AND ELEMENTARY TRIGONOMETRY', 27, 3, 2, 116),
(391, 'ICT 201	', 'COMPUTER AIDED DESIGN & DRAFTING II	', 27, 3, 2, 114),
(392, 'CEC 110	', 'CIVIL ENGINEERING CONSTRUCTION II ', 27, 3, 2, 44),
(393, 'ICT 102		', 'INTRODUCTION TO PROGRAMMING USING Q-BASIC', 27, 3, 2, 50),
(394, 'CEC 102	', 'INTRODUCTION TO HYDROLOGY 	', 27, 3, 2, 73),
(395, 'MEC 102	', 'TECHNICAL DRAWING II(DESCRIPTIVE GEOMETRY)', 27, 3, 2, 134),
(396, 'SUG 208	', 'ENGINEERING SURVEY', 26, 2, 1, 9),
(397, 'CEC 201	', 'HYDRAULICS AND HYDROLOGY', 26, 2, 1, 128),
(398, 'CEC 203	', 'WORKSHOP TECHNOLOGY II', 26, 2, 1, 140),
(399, 'CEC 205	', 'THEORY OF STRUCTURES I', 26, 2, 1, 6),
(400, 'CEC 207	', 'HYDROGEOLOGY', 26, 2, 1, 116),
(401, 'CEC 209	', 'CIVIL ENGINEERING DRAWING I', 26, 2, 1, 134),
(402, 'CEC 211	', 'CIVIL ENGINEERING CONSTRUCTION III', 26, 2, 1, 82),
(403, 'CEC 216	', 'TECHNICAL REPORT WRITING', 26, 2, 1, 105),
(404, 'MTH 114	CAL', 'CALCULUS', 26, 2, 1, 48),
(405, 'GNS 201	', 'USE OF ENGLISH II', 26, 2, 1, 2),
(406, 'CEC 202	', 'WATER SUPPLY AND SANITARY ENGINEERING', 26, 2, 2, 11),
(407, 'CEC 204	', 'INTRODUCTION TO HIGHWAY ENGINEERING', 26, 2, 2, 44),
(408, 'CEC 208	', 'SOIL SCIENCE AND IRRIGATION ENGINEERING', 26, 2, 2, 116),
(409, 'CEC 210	', 'CIVIL ENGINEERING DRAWING II', 26, 2, 2, 134),
(410, 'MTH 112	', 'TRIGONOMETRY & ANALYTICAL ', 26, 2, 2, 48),
(412, 'CEC 214	', 'ENGINEERING MEASUREMENT & EVALUATION', 26, 2, 2, 79),
(413, 'GIT 201	', 'ELEMENTS OF GEOINFORMATICS', 26, 2, 2, 20),
(414, 'EED 216	', 'PRACTICE OF ENTREPRENEURSHIP', 26, 2, 2, 128),
(415, 'CEC 242	', 'CONSTRUCTION MANAGEMANT', 26, 2, 2, 14),
(416, 'CEC 212	', 'SOIL MECHANICS', 26, 2, 2, 82),
(417, 'SUG 208	', 'ENGINEERING SURVEY I', 28, 4, 1, 9),
(418, 'CEC 201	', 'HYDRAULICS AND HYDROLOGY', 28, 4, 1, 104),
(419, 'CEC 203	', 'WORKSHOP TECHNOLOGY II', 28, 4, 1, 140),
(420, 'CEC 205	', 'THEORY OF STRUCTURES I', 28, 4, 1, 6),
(421, 'CEC 207	', 'HYDROGEOLOGY', 28, 4, 1, 116),
(422, 'CEC 209	', 'CIVIL ENGINEERING DRAWING I', 28, 4, 1, 82),
(423, 'CEC 211	', 'CIVIL ENGINEERING CONSTRUCTION III', 28, 4, 1, 82),
(424, 'CEC 216	', 'TECHNICAL REPORT WRITING', 28, 4, 1, 105),
(425, 'MTH 114	', 'CALCULUS', 28, 4, 1, 130),
(426, 'GNS 201	', 'USE OF ENGLISH II	', 28, 4, 1, 130),
(427, 'CEC 202	', 'WATER SUPPLY AND SANITARY ENGINEERING', 28, 4, 2, 103),
(428, 'CEC 208	', 'SOIL SCIENCE AND IRRIGATION ENGINEERING', 28, 4, 2, 11),
(429, 'CEC 210	', 'CIVIL ENGINEERING DRAWING II', 28, 4, 2, 134),
(430, 'MTH 112	', 'TRIGONOMETRY & ANALYTICAL GEOMETRY ENGINEERING', 28, 4, 2, 130),
(431, 'CEC 214	', 'MEASUREMENT & EVALUATION', 28, 4, 2, 37),
(432, 'GIT 201	', 'ELEMENT OF GEOINFORMATICS ', 28, 4, 2, 20),
(433, 'EED 216	', 'PRACTICE OF ENTREPRENEURSHIP', 28, 4, 2, 128),
(434, 'CEC 242	', 'CONSTRUCTION MANAGEMENT', 28, 4, 2, 14),
(435, 'CEC 212	', 'SOIL MECHANICS', 28, 4, 2, 82),
(436, 'CEC 204	', 'INTRODUCTION TO HIGHWAY ENGINEERING', 28, 4, 2, 104),
(438, 'SUG 306	', 'ENGINEERING SURVEY II', 29, 5, 1, 85),
(439, 'CEC 301	', 'HYDRAULICS', 29, 5, 1, 6),
(440, 'CEC 303	', 'CONCRETE TECHNOLOGY', 29, 5, 1, 125),
(441, 'CEC 305	', 'THEORY OF STRUCTURES II', 29, 5, 1, 11),
(442, 'CEC 307	', 'SOIL MECHANICS II', 29, 5, 1, 82),
(443, 'CEC 309	', 'CONSTRUCTION TECHNOLOGY', 29, 5, 1, 73),
(444, 'CEC 311', 'CIVIL ENGINEERING QUANTITIES AND SPECS', 29, 5, 1, 105),
(445, 'MTH 311	', 'ADVANCED ALGEBRA', 29, 5, 1, 64),
(447, 'SEC 311	', 'ENGINEER IN SOCIETY', 29, 5, 1, 61),
(448, 'CEC 302	', 'HYDROLOGY & HYDROGEOLOGY', 29, 5, 2, 105),
(449, 'CEC 304		', 'WATER AND WASTE WATER ENGINEERING', 29, 5, 2, 128),
(450, 'CEC 306	', 'DESIGN OF STRUCTURAL ELEMENTS', 29, 5, 2, 11),
(451, 'CEC 308	', 'FOUNDATION ENGINEERING ', 29, 5, 2, 82),
(452, 'CEC 310	', 'ADVANCED CONSTRUCTION TECHNOLOGY', 29, 5, 2, 125),
(453, 'MTH 312	', 'ADVANCED CALCULUS', 29, 5, 2, 33),
(455, 'CEC 314	', 'TRANSPORTATION ENGINEERING', 29, 5, 2, 104),
(456, 'CEC 312	', 'COMPUTER AIDED DESIGN & DRAFTING II', 29, 5, 2, 6),
(459, 'SEC 321	', 'INDUSTRIAL MANAGEMENT', 29, 5, 2, 31),
(460, 'CEC 401	', 'PROJECT & METHODOLOGY', 30, 6, 1, 134),
(461, 'MTH 321	', 'NUMERICAL METHOD IN ENGINEERING', 30, 6, 1, 33),
(462, 'CEC 405	', 'ADV. REINF AND PRE-STRESSED CONCRETE DESIGN', 30, 6, 1, 116),
(463, 'CEC 407	', 'FOUNDATION DESIGN', 30, 6, 1, 105),
(464, 'CEC 409	', 'DESIGN IN STRUCTURAL STEEL & TIMBER', 30, 6, 1, 105),
(465, 'CEC 411	', 'TRAFFIC ENGINEERING', 30, 6, 1, 116),
(466, 'CEC 413	', 'HIGHWAY ENGINEERING', 30, 6, 1, 104),
(467, 'GIT  203	', 'DATABASE CREATION & USAGE IN GEO INFORM', 30, 6, 1, 133),
(468, 'CEC 417	', 'ENVIRONMENTAL ENGR. AND POLLUTION CONTROL', 30, 6, 1, 25),
(469, 'GNS 417	', 'FRENCH FOR TECHNICAL PURPOSE I', 30, 6, 1, 123),
(470, 'CEC 421	', 'HYDRAULIC STRUCTURES', 30, 6, 1, 134),
(471, 'CEC 428	', 'ENGINEERING MANAGEMENT', 30, 6, 2, 125),
(472, 'CEC 412	', 'ALTERNATIVE TRANSPORTATION SYSTEM ', 30, 6, 2, 6),
(473, 'CEC 414	', 'INFRASTRUCTURE/ PLANNING & MANAGEMENT', 30, 6, 2, 134),
(474, 'CEC 424	', 'IRRIGATION & DRAINAGE', 30, 6, 2, 105),
(475, 'CEC 426	', 'WATER & WASTE WATER ENGINEERING', 30, 6, 2, 25),
(476, 'STA 429	', 'STATISTICAL METHOD IN ENGINEERING', 30, 6, 2, 93),
(477, 'EED 413	', 'ENTREPRENEURSHIP DEVELOPMENT II', 30, 6, 2, 104),
(478, 'CEC 406	', 'MATRIX & ENERGY METHOD IN STRUCTURES(ELECTRIC)', 30, 6, 2, 104),
(479, 'CEC 418	', 'BRIDGE ANALYSIS & DESIGN	', 30, 6, 2, 11),
(480, 'GNS 428	', 'FRENCH FOR TECHNICAL PURPOSE II', 30, 6, 2, 141),
(481, 'CEC 101	', 'STRUCTURAL MECHANICS', 25, 1, 1, 25),
(483, 'CEC 106	', 'STRENGTH OF MATERIALS', 25, 1, 2, 25),
(484, 'CEC 206	', 'INTRODUCTION TO STRUCTURAL DESIGN AND DETAILING', 26, 2, 2, 140),
(485, 'CEC 206	', 'INTRODUCTION TO STRUCTURAL DESIGN AND DETAILING', 28, 4, 2, 25),
(486, 'CEC 315	', 'COMPUTER AIDED DESIGN & DRAFTING I', 29, 5, 1, 104),
(487, 'EEC 111	', 'ELECTRICAL GRAPHICS', 13, 1, 1, 111),
(488, 'MTH 111	', 'LOGIC & LINEAR ALGEBRA', 13, 1, 1, 54),
(489, 'EED 126	', 'INTRODUCTION TO ENTREPRENEURSHIP', 13, 1, 1, 81),
(490, 'MEC 101	', 'TECHNICAL DRAWING (GEOMETRICAL CONSTRUCTION)', 13, 1, 1, 57),
(491, 'GNS 101	', 'USE OF ENGLISH', 13, 1, 1, 107),
(494, 'ICT 101	', 'INTRODUCTION TO COMPUTING', 13, 1, 1, 50),
(495, 'EEC 115	', 'ELECTRICAL ENGINEERING SCIENCE', 13, 1, 1, 49),
(496, 'GNS 111	', 'CITIZENSHIP EDUCATION', 13, 1, 1, 65),
(497, 'CTE 115	', 'COMPUTER HARDWARE I', 13, 1, 1, 41),
(498, 'MEC 113	', 'BASIC WORKSHOP & TECHNOLOGY PRACTICE', 13, 1, 1, 19),
(499, 'GEM 101	', 'ENGINEERING MATHEMATICS', 13, 1, 1, 77),
(500, 'GNS 102	', 'COMMUNICATION IN ENGLISH ', 13, 1, 2, 142),
(501, 'EEC 128	', 'TELECOMMUNICATIONS ENGINEERING I', 13, 1, 2, 78),
(502, 'EEC 122	', 'ELECTRICAL POWER I', 13, 1, 2, 111),
(503, 'EEC 123	', 'ELECTRICAL MACHINES I', 13, 1, 2, 81),
(504, 'EEC 124	', 'ELECTRONICS I', 13, 1, 2, 76),
(505, 'EEC 125	', 'ELECTRICAL ENGINEERING SCIENCE II', 13, 1, 2, 49),
(506, 'EEC 129	', 'ELECTRICAL INSTALLATION OF BUILDING ', 13, 1, 2, 78),
(507, 'EEC 126	ELA', 'ELECTRICAL & ELECTRONIC INSTRUMENT I', 13, 1, 2, 143),
(509, 'EEC 125	', 'ELECTRICAL ENGINEERING SCIENCE II', 13, 1, 1, 49),
(511, 'MTH 113	', 'ALGEBRA AND ELEMENTARY TRIGONOMETRY', 13, 1, 2, 117),
(512, 'ICT 201	', 'COMPUTER AIDED DESIGN AND DRAFTING', 13, 1, 2, 78),
(513, 'MEC 123	', 'MACHINE TOOLS TECHNOLOGY & PRACTICE', 13, 1, 2, 94),
(514, 'MEC 123	', 'MACHINE TOOLS TECHNOLOGY & PRACTICE', 13, 1, 2, 94),
(515, 'MTH 111	', 'LOGIC & LINEAR ALGEBRA', 15, 3, 1, 54),
(516, 'EED 126	', 'INTRODUCTION TO ENTREPRENEURSHIP', 15, 3, 1, 49),
(517, 'MEC 101	', 'TECHNICAL DRAWING (GEOMETRICAL CONSTRUCTION)', 15, 3, 1, 57),
(518, 'GNS 101	', 'USE OF ENGLISH', 15, 3, 1, 42),
(519, 'GNS 101	', 'USE OF ENGLISH', 15, 3, 1, 42),
(520, 'ICT 101	', 'INTRODUCTION TO COMPUTING', 15, 3, 1, 34),
(521, 'GEM 101	', 'GENERAL ENGINEERING MATHEMATICS', 15, 3, 1, 77),
(522, 'EEC 115	', 'ELECTRICAL ENGINEERING SCIENCE I', 15, 3, 1, 76),
(523, 'GNS 111	', 'CITIZENSHIP EDUCATION', 15, 3, 1, 132),
(524, 'CTE 115	', 'COMPUTER HARDWARE I', 15, 3, 1, 40),
(525, 'EEC 111	', 'ELECTRICAL GRAPHICS', 15, 3, 1, 111),
(526, 'MEC 113	', 'BASIC WORKSHOP & TECHNOLOGY PRACTICE', 15, 3, 1, 66),
(527, 'GNS 102	', 'COMMUNICATION IN ENGLISH ', 15, 3, 2, 119),
(528, 'EEC 128	', 'TELECOMMUNICATIONS ENGINEERING I', 15, 3, 2, 76),
(529, 'EEC 124	', 'ELECTRONICS I', 15, 3, 2, 76),
(530, 'EEC 125	', 'ELECTRICAL ENGINEERING SCIENCE II', 15, 3, 2, 39),
(531, 'EEC 129	', 'ELECTRICAL INSTALLATION OF BUILDING ', 15, 3, 2, 78),
(532, 'EEC 126	', 'ELECTRICAL & ELECTRONIC INSTRUMENT I', 15, 3, 2, 143),
(533, 'MTH 113	', 'ALGEBRA AND ELEMENTARY TRIGONOMETRY', 15, 3, 2, 117),
(534, 'ICT 201	', 'COMPUTER AIDED DESIGN AND DRAFTING', 15, 3, 2, 91),
(535, 'MEC 123	', 'MACHINE TOOLS TECHNOLOGY & PRACTICE', 15, 3, 2, 111),
(536, 'EEC 122	', 'ELECTRICAL POWER I', 15, 3, 2, 112),
(537, 'EEC 123	', 'ELECTRICAL MACHINES I', 15, 3, 2, 39),
(538, 'MTH 114	', 'CALCULUS', 14, 2, 1, 48),
(539, 'EEC 114	', 'TECHNICAL REPORT WRITING', 14, 2, 1, 111),
(540, 'EEC 212	', 'ELECTRICAL POWER II', 14, 2, 1, 96),
(541, 'EEC 213	', 'ELECTRICAL MACHINES II', 14, 2, 1, 77),
(542, 'EEC 214	', 'ELECTRONICS II', 14, 2, 1, 76),
(543, 'EEC 216	', 'ELECTRICAL & ELCTRONIC INSTRUMENT II', 14, 2, 1, 143),
(544, 'EEC 218	', 'TELECOMMUNICATIONS II', 14, 2, 1, 26),
(545, 'EEC 219	', 'ELECTRIC CIRCUIT THEORY I', 14, 2, 1, 96),
(546, 'EEC 211	', 'INTRODUCTION TO RENEWABLE ENERGY', 14, 2, 1, 81),
(547, 'GNS 202	', 'COMMUNICATION IN ENGLISH II', 14, 2, 2, 55),
(548, 'EED 216	', 'PRACTICE OF ENTREPRENEURSHIP', 14, 2, 2, 49),
(549, 'CTE 227	', 'COMPUTER HARDWARE II', 14, 2, 2, 40),
(550, 'MTH 112	', 'TRIGONOMETRY AND ANALYTICAL GEOMETRY  ', 14, 2, 2, 64),
(551, 'EEC 224	', 'ELECTRONICS III', 14, 2, 2, 60),
(552, 'EEC 222	', 'ELECTRICAL POWER II', 14, 2, 2, 77),
(553, 'EEC 229', 'ELECTRIC CIRCUIT THEORY II	', 14, 2, 2, 96),
(554, 'MTH 114	', 'CALCULUS', 16, 4, 1, 12),
(555, 'EEC 212	', 'ELECTRICAL POWER II', 16, 4, 1, 96),
(556, 'EEC 201	', 'INTRODUCTION TO RENEWABLE ENERGY', 16, 4, 1, 81),
(557, 'EEC 213	', 'ELECTRICAL MACHINES II', 16, 4, 1, 39),
(558, 'EEC 214	', 'ELECTRONICS II', 16, 4, 1, 76),
(559, 'EEC 216	', 'ELECTRICAL & ELECTRONICS INSTRUMENT II	', 16, 4, 1, 143),
(560, 'EEC 218	', 'TELECOMMUNICATION ENGINEERING II', 16, 4, 1, 26),
(561, 'EEC 219	', 'ELECTRICAL CIRCUIT THEORY I', 16, 4, 1, 115),
(562, 'EEC 215	', 'TECHNICAL REPORT WRITING', 16, 4, 1, 111),
(563, 'GNS 202	', 'COMMUNICATION IN ENGLISH II', 16, 4, 2, 65),
(564, 'EED 216	', 'PRACTICE OF ENTREPRENEURSHIP', 16, 4, 2, 49),
(565, 'MTH 112	', 'TRIGONOMETRY AND ANALYTICAL GEOMETRY', 16, 4, 2, 64),
(566, 'EEC 224	', 'ELECTRONICS III', 16, 4, 2, 92),
(567, 'EEC 229	', 'ELECTRICAL CIRCUIT THEORY II', 16, 4, 2, 115),
(568, 'CTE 227	', 'COMPUTER HARDWARE', 16, 4, 2, 40),
(569, 'EEC 242	', 'ELECTRICAL POWER III', 16, 4, 2, 39),
(570, 'MTH 311	', 'ADVANCED ALGEBRA', 17, 5, 1, 64),
(571, 'EEC 315	', 'ELECTRICAL MATERIAL SCIENCE', 17, 5, 1, 76),
(572, 'EEI311	', 'ELECTRICAL MEASUREMENT & CONTROL III', 17, 5, 1, 18),
(573, 'EEC 313	', 'ELECTRIC CIRCUIT THEORY III', 17, 5, 1, 96),
(574, 'ICT 303	', 'COMPUTER PACKAGES ', 17, 5, 1, 139),
(575, 'EEE314	', 'ANALOGUE ELECTRONICS III', 17, 5, 1, 57),
(576, 'EEC 316	', 'CONTROL ENGINEERING I', 17, 5, 1, 90),
(577, 'EED 326	', 'ENTREPRENEURSHIP DEVELOPMENT I', 17, 5, 1, 90),
(578, 'EEC 312	', 'INTRODUCTION TO APPLICATION OF RENEWABLE ENERGY ', 17, 5, 1, 77),
(579, 'SEC 311	', 'ENGINEER IN SOCIETY', 17, 5, 1, 92),
(580, 'MTH 312	', 'ADVANCED CALCULUS', 17, 5, 2, 59),
(581, 'EEC 324	 ', 'TESTING METHOD AND RELIABILITY', 17, 5, 2, 22),
(582, 'EEC 325	 ', 'ELECTRIC CIRCUIT THEORY IV	', 17, 5, 2, 115),
(583, 'EEE 329	', 'ELECTRICAL POWER SYSTEM III 	 ', 17, 5, 2, 96),
(584, 'EEP 328	', 'ELECTRICAL DESIGN AND DRAFTING I', 17, 5, 2, 111),
(585, 'EEE 325	', 'DIGITAL COMMUNICATION I', 17, 5, 2, 30),
(586, 'EEP 327', 'ELECTRICAL MACHINE III', 17, 5, 2, 61),
(587, 'ICT 321	', 'DATA COMMUNICATION & NETWORKING ', 17, 5, 2, 30),
(588, 'SEC 321	', 'INDUSTRIAL MANAGEMENT', 17, 5, 2, 31),
(589, 'GNS101	', 'USE OF ENGLISH I', 19, 1, 1, 55),
(590, 'GNS111	', 'CITIZENSHIP EDUCATION I', 19, 1, 1, 27),
(591, 'MTH111	', 'LOGIC AND LINEAR ALGEBRA', 19, 1, 1, 54),
(592, 'MEC 112	', 'ENGINEERING MECHANICS(STATICS)', 19, 1, 1, 54),
(593, 'MEC 112	', 'ENGINEERING MECHANICS(STATICS)', 19, 1, 1, 124),
(594, 'MEC113	', 'BASIC WORKSHP TECHNOLOGY & PRACTICE', 19, 1, 1, 63),
(595, 'ICT 101	', 'INTRODUCTION TO COMPUTING', 19, 1, 1, 50),
(596, 'ICT 101	', 'INTRODUCTION TO COMPUTING', 19, 1, 1, 50),
(597, 'GEM 101', 'GENERAL ENGINEERING MATHEMATICS', 19, 1, 1, 3),
(598, 'EEC115	', 'ELECTRICAL ENGINEERING SCIENCE I', 19, 1, 1, 102),
(599, 'MEC101	', 'TECHNICAL DRAWING', 19, 1, 1, 57),
(600, 'STA111	', 'INTRODCTION TO STATISTICS', 19, 1, 2, 98),
(601, 'MEC 123	', 'MACHINE TOOLS TECHNOLOGY & PRACTICE', 19, 1, 2, 63),
(602, 'MTH 113	', 'ALGEBRA AND ELEMENTARY TRIGONOMETRY', 19, 1, 2, 54),
(603, 'ICT201	', 'COMPUTER AIDED DESIGN & DRAFTNG I', 19, 1, 2, 13),
(604, 'MEC 121	', 'ENGINEERING GRAPHICS', 19, 1, 2, 57),
(605, 'MEC126	', 'WELDING TECHNOLOGY & PRATICE', 19, 1, 2, 8),
(606, 'MEC 127	', 'INTRODICTION TO PLUMBING TECHNOLOGY PRACTICE', 19, 1, 2, 67),
(607, 'MEC122	', 'THERMODYNAMICS I', 19, 1, 2, 127),
(608, 'MEC124	', 'ENGINEERING MECHNICS (DYNAMICS)', 19, 1, 2, 124),
(609, 'MEC 125	', 'AUTOMOTIVE', 19, 1, 2, 51),
(610, 'GEM 101	', 'GENERAL ENGINEERING MATHEMATICS ', 21, 3, 1, 3),
(611, 'GNS 101	USE', 'USE OF ENGLISH I ', 21, 3, 1, 53),
(612, 'GNS 101	', 'USE OF ENGLISH I ', 21, 3, 1, 53),
(613, 'GNS 111	', 'CITIZENSHIP EDUCATION I	', 21, 3, 1, 29),
(614, 'ICT 101	', 'INTRODUCTION TO COMPUTING	', 21, 3, 1, 50),
(615, 'MEC 101	', 'TECHNICAL DRAWING (GEOMETRICAL CONSTRUCTION)', 21, 3, 1, 57),
(616, 'MEC 112	', 'ENGINEERING MECHANICS(STATICS)', 21, 3, 1, 124),
(617, 'MEC 113	', 'BASIC WORKSHP TECHNOLOG& PRACTICE', 21, 3, 1, 63),
(618, 'MEC 113	', 'BASIC WORKSHP TECHNOLOGY & PRACTICE', 21, 3, 1, 63),
(619, 'MTH 111	', 'LOGIC AND LINEAR ALGEBRA', 21, 3, 1, 98),
(620, 'ICT 201	', 'COMPUTER AIDED DESIGN & DRAFTNG I ', 21, 3, 2, 13),
(621, 'MEC 121	', 'ENGINEERING GRAPHICS', 21, 3, 2, 57),
(622, 'MEC 121	', 'THERMODYNAIMICS I', 21, 3, 2, 127),
(623, 'MEC 121	', 'THERMODYNAIMICS I', 21, 3, 2, 127),
(624, 'MEC 123	', 'MACHINE TOOLS TECHNOLOGY & PRACTICE', 21, 3, 2, 63),
(625, 'MEC 126	', 'WELDING TECHNOLOGY & PRATICE ', 21, 3, 2, 8),
(626, 'MTH 113	', 'ALGEBRA AND ELEMENTARY TRIGONOMETRY', 21, 3, 2, 98),
(627, 'STA 111	', 'INTRODCTION TO STATISTICS', 21, 3, 2, 98),
(628, 'STA 111	', 'INTRODUCTION TO STATISTICS', 21, 3, 2, 98),
(629, 'MEC 124	', 'ENGINEERING MECHANICS (DYNAMICS)', 21, 3, 2, 124),
(630, 'MEC 125	', 'AUTOMATIVE TECHNOLOGY & PRACTICE', 21, 3, 2, 67),
(631, 'MEC 218	', 'TECHNICAL REPORT WRITING I', 21, 3, 2, 8),
(632, 'MEC 218	', 'TECHNICAL REPORT WRITING I', 20, 2, 1, 8),
(633, 'MEC 211	', 'ENGINEERING DRAWING I', 20, 2, 1, 13),
(634, 'MEC 212	 ', 'ENGINEERING MEASUREMENT', 20, 2, 1, 3),
(635, 'MEC 213	', 'THERMODYNAMICS II', 20, 2, 1, 127),
(636, 'MEC 214	', 'FLUID MECHANICS', 20, 2, 1, 28),
(637, 'MTH 114	', 'CALCULUS', 20, 2, 1, 130),
(638, 'MTH 114	', 'CALCULUS', 20, 2, 1, 130),
(639, 'MEC 215	', 'FOUNDRY TECH. & FORGING OPERATIONS', 20, 2, 1, 71),
(640, 'MEC 217	', 'WELDING & FABRICATION TECHNOLOGY', 20, 2, 1, 66),
(641, 'TPM 218	', 'PRINCIPLES & TECHNIQUES OF VEHICLE DRIVING', 20, 2, 1, 126),
(642, 'EEC 125	', 'ELECTRICAL ENGINEERING SCIENCE II', 20, 2, 1, 77),
(643, 'GNS 201	', 'USE OF ENGLISH II', 20, 2, 1, 55),
(644, 'GNS 201	', 'USE OF ENGLISH II', 20, 2, 1, 55),
(645, 'MTH 112	', 'TRIGONOMETRY AND ANALYTICAL GEOMETRY', 20, 2, 2, 48),
(646, 'MEC 222	', 'STRENGTH OF MATERIALS I', 20, 2, 2, 84),
(647, 'MEC 223	', 'ENGINEERING DRAWING II', 20, 2, 2, 57),
(648, 'MEC 224	', 'PROPERTIES OF MATERIALS ', 20, 2, 2, 124),
(649, 'MEC 226	', 'PLANT SERVICES & MAINTENANCE', 20, 2, 2, 19),
(650, 'MEC 227	', 'AUTOMOTIVE TECHNOLOGY AND PRACTICE ', 20, 2, 2, 66),
(651, 'BAM 228	', 'SUPERVISORY MANAGEMENT', 20, 2, 2, 47),
(652, 'MEC 225	', 'REFRIGERATION & AIR CONDITIONING ', 20, 2, 2, 127),
(653, 'MTH 321	', 'NUMERICAL METHOD IN ENGINEERING ', 18, 6, 1, 33),
(654, 'GNS 417	', 'FRENCH FOR TECHNICAL PURPOSES I', 18, 6, 1, 141),
(655, 'EEC 411	', 'ELECTROMAGNETIC FIELD THEORY', 18, 6, 1, 26),
(656, 'EEC 411	', 'ELECTROMAGNETIC FIELD THEORY', 18, 6, 1, 26),
(658, 'EEE 417	', 'ELECTRONIC DESIGN & DRAFTING', 18, 6, 1, 7),
(659, 'EEE 417	', 'ELECTRONIC DESIGN & DRAFTING', 18, 6, 1, 7),
(662, 'EEE 415	', 'DIGITAL COMMUNICATION II', 18, 6, 1, 57),
(663, 'EEE 414	', 'ANALOGUE ELECTRONICS IV', 18, 6, 1, 92),
(664, 'EEI 411	', 'ELECTRONIC MEASUREMENT & CONTROL IV', 18, 6, 1, 143),
(665, 'EEE 418	', 'MICROPROCESSOR APPLICATIONS', 18, 6, 1, 138),
(666, 'EEC 413	', 'CONTROL ENGINEERING III', 18, 6, 1, 22),
(667, 'STA 429	', 'STATISTICAL METHODS IN ENGINEERING', 18, 6, 2, 93),
(668, 'COM 313	', 'COMPUTER PROGRAMMING USING C ++', 18, 6, 2, 69),
(669, 'EED 413	', 'ENTREPRENEURSHIP DEVELOPMENT II', 18, 6, 2, 81),
(670, 'EED 413	', 'ENTREPRENEURSHIP DEVELOPMENT II', 18, 6, 2, 81),
(671, 'GNS 428	', 'FRENCH FOR TECHNICAL PURPOSES II', 18, 6, 2, 141),
(672, 'EEE 426	', 'ELECTRONIC MAINTENANCE & REPAIRS	', 18, 6, 2, 138),
(673, 'EEE 425	', 'DIGITAL COMMUNICATION III	', 18, 6, 2, 70),
(674, 'EEE 427	', 'COMPUTER HARDWARE MAINTENANCE & REPAIR', 18, 6, 2, 60),
(675, 'MEC 218	', 'TECHNICAL REPORT WRITING I', 20, 2, 1, 8),
(676, 'MEC 211	', 'ENGINEERING DRAWING I', 20, 2, 1, 13),
(677, 'MEC 211	', 'ENGINEERING DRAWING I', 20, 2, 1, 13),
(678, 'MEC 212	', 'ENGINEERING MEASUREMENT ', 20, 2, 1, 3),
(679, 'MEC 213', 'THERMODYNAMICS II', 20, 2, 1, 127),
(680, 'MEC 214	', 'FLUID MECHANICS', 20, 2, 1, 28),
(681, 'MEC 214	', 'FLUID MECHANICS', 20, 2, 1, 28),
(682, 'MTH 114	', 'CALCULUS', 20, 2, 1, 130),
(683, 'MEC 215	', 'FOUNDRY TECH. & FORGING OPERATIONS', 20, 2, 1, 70),
(684, 'MEC 215	', 'FOUNDRY TECH. & FORGING OPERATIONS', 20, 2, 1, 70),
(685, 'MEC 217	', 'WELDING & FABRICATION TECHNOLOGY', 20, 2, 1, 66),
(686, 'TPM 218		', 'PRINCIPLES & TECHNIQUES OF VEHICLE DRIVING', 20, 2, 1, 126),
(687, 'EEC 125	', 'ELECTRICAL ENGINEERING SCIENCE II', 20, 2, 1, 77),
(688, 'GNS 201	', 'USE OF ENGLISH II', 20, 2, 1, 55),
(689, 'GNS 201	', 'USE OF ENGLISH II', 20, 2, 1, 55),
(690, 'MTH 112	', 'TRIGONOMETRY AND ANALYTICAL GEOMETRY', 20, 2, 2, 48),
(691, 'MTH 112	', 'TRIGONOMETRY AND ANALYTICAL GEOMETRY', 20, 2, 2, 48),
(692, 'MEC 222	', 'STRENGTH OF MATERIALS I', 20, 2, 2, 84),
(693, 'MEC 223	', 'ENGINEERING DRAWING II', 20, 2, 2, 57),
(694, 'MEC 224	', 'PROPERTIES OF MATERIALS ', 20, 2, 2, 124),
(695, 'MEC 224	', 'PROPERTIES OF MATERIALS ', 20, 2, 2, 124),
(696, 'MEC 226	', 'PLANT SERVICES & MAINTENANCE	', 20, 2, 2, 19),
(697, 'MEC 226	', 'PLANT SERVICES & MAINTENANCE	', 20, 2, 2, 19),
(698, 'MEC 227	', 'AUTOMOTIVE TECHNOLOGY AND PRACTICE ', 20, 2, 2, 66),
(699, 'BAM 228	', 'SUPERVISORY MANAGEMENT', 20, 2, 2, 47),
(700, 'GNS 201	', 'USE OF ENGLISH II', 22, 4, 1, 55),
(701, 'MEC 212	', 'ENGINEERING MEASUREMENT ', 22, 4, 1, 46),
(702, 'MEC 213	', 'THERMODYNAMICS II', 22, 4, 1, 127),
(703, 'MEC 213	', 'THERMODYNAMICS II', 22, 4, 1, 127),
(704, 'MEC 214	', 'FLUID MECHANICS', 22, 4, 1, 28),
(705, 'MEC 214	', 'FLUID MECHANICS', 22, 4, 1, 28),
(706, 'MTH 114	', 'CALCULUS', 22, 4, 1, 64),
(707, 'MEC 215	', 'FOUNDRY TECH. & FORGING OPERATIONS', 22, 4, 1, 71),
(708, 'MEC 217	', 'WELDING & FABRICATION TECHNOLOGY', 22, 4, 1, 66),
(709, 'MEC 218	', 'TECHNICAL REPORT WRITING I', 22, 4, 1, 8),
(710, 'MEC 218	', 'TECHNICAL REPORT WRITING I', 22, 4, 1, 8),
(711, 'EEC 125	', 'ELECTRICAL ENGINEERING SCIENCE II', 22, 4, 1, 77),
(712, 'MEC 211	', 'ENGINEERING DRAWING I', 22, 4, 1, 13),
(713, 'MEC 211	', 'ENGINEERING DRAWING I', 22, 4, 1, 13),
(714, 'MEC 211	', 'ENGINEERING DRAWING I', 22, 4, 1, 13),
(715, 'MTH 112	', 'TRIGONOMETRY AND ANALYTICAL GEOMETRY', 22, 4, 2, 3),
(716, 'MEC 222	', 'STRENGTH OF MATERIALS I', 22, 4, 2, 67),
(717, 'MEC 224	', 'PROPERTIES OF MATERIALS ', 22, 4, 2, 124),
(718, 'MEC 224	', 'PROPERTIES OF MATERIALS ', 22, 4, 2, 124),
(719, 'MEC 227	', 'AUTOMOTIVE TECHNOLOGY AND PRACTICE ', 22, 4, 2, 51),
(720, 'TPM 218	', 'PRINCIPLES & TECHNIQUES OF VEHICLE DRIVING', 22, 4, 2, 126),
(721, 'BAM 228	', 'SUPERVISORY MANAGEMENT', 22, 4, 2, 47),
(722, 'MEC 226	', 'PLANT SERVICES & MAINTENANCE ', 22, 4, 2, 19),
(723, 'MEC 226	', 'PLANT SERVICES & MAINTENANCE ', 22, 4, 2, 19),
(724, 'MEC 316	', 'MACHINE ELEMENT DESIGN I', 23, 5, 1, 66),
(725, 'GNS 301	', 'USE OF ENGLISH III', 23, 5, 1, 31),
(726, 'MTH 311	', 'ADVANCED ALGEBRA	', 23, 5, 1, 64),
(727, 'MEC 312	', 'ENGINEERING DESIGN', 23, 5, 1, 66),
(728, 'MEC 315	', 'MECHANICS OF MACHINES', 23, 5, 1, 67),
(729, 'MEC 313', 'STRESS  ANALYSIS', 23, 5, 1, 84),
(730, 'MEC 314	', 'INSTRUMENTATION & CONTROL', 23, 5, 1, 19),
(731, 'COM 311', 'COMPUTER PROGRAMMING', 23, 5, 1, 120),
(732, 'SEC 311	', 'ENGINEER IN SOCIETY', 23, 5, 1, 71),
(733, 'MTH 312	', 'ADVANCED CALCULUS', 23, 5, 2, 33),
(734, 'MEM 321	', 'METAL FORMING AND HEAT TREATMENT', 23, 5, 2, 71),
(735, 'MEM 322	', 'JOINING & FABRICATION PROCESSES', 23, 5, 2, 84),
(736, 'MEM 323	', 'FOUNDRY TECHNOLOGY & PRACTICE', 23, 5, 2, 127),
(737, 'MEC 321	', 'PROJECT MANAGEMENT', 23, 5, 2, 21),
(738, 'MEC 322	', 'MECHANICAL STRUCTURE ANALYSIS', 23, 5, 2, 84),
(739, 'MEC 323	', 'ADVANCED FLUID MECHANICS', 23, 5, 2, 127),
(740, 'MEC 324	', 'SAFETY AND ENVIRONMENTAL ENGINEERING', 23, 5, 2, 71),
(741, 'MEC 328	', 'TECHNICAL WRITING II', 23, 5, 2, 8),
(742, 'MEC 325	', 'QUALITY ASSURANCE', 23, 5, 2, 21),
(743, 'SEC 321	', 'INDUSTRIAL MANAGEMENT', 23, 5, 2, 31),
(744, 'SEC 321	', 'INDUSTRIAL MANAGEMENT', 23, 5, 2, 31),
(745, 'SEC 321	', 'INDUSTRIAL MANAGEMENT', 23, 5, 2, 31),
(746, 'MTH 321	', 'NUMERICAL METHODS', 24, 6, 1, 33),
(747, 'MEC 411	', 'CAD/CAM', 24, 6, 1, 8),
(748, 'MEC 412	', 'FLUID POWER MACHINES', 24, 6, 1, 21),
(749, 'MEP 411	', 'REFRIDGERATOR AND AIR CONDITIONING', 24, 6, 1, 21),
(750, 'MEP 412	', 'MECHANICAL EQUIPMENT IN BUILDING', 24, 6, 1, 19),
(751, 'GNS 417	', 'FRECH FOR TECHNICAL PURPOSES I', 24, 6, 1, 141),
(752, 'TPM 218	', 'PRINCIPLES AND TECHNIQUES OF VEHICLE DRIVING', 24, 6, 1, 108),
(753, 'MEC 413	', 'OPERATIONS MANGEMENT', 24, 6, 1, 21),
(754, 'MEC 414	', 'INDUSTRIAL MATERIALS AND APPLICATION', 24, 6, 1, 71),
(755, 'EEC 422	', 'ELECTRICAL POWER & MACHINES ', 24, 6, 1, 77),
(756, 'STA 429	', 'STATISTICAL METHODS IN ENGINEERING', 24, 6, 2, 93),
(757, 'GNS 428	', 'FRENCH FOR TECHNICEL PURPOSE II', 24, 6, 2, 141),
(758, 'MEC 421	', 'QUALITY ASSURANCE', 24, 6, 2, 21),
(759, 'MEC 422	', 'INDUSTRIAL ENGINEERING', 24, 6, 2, 21),
(760, 'MEC 423	', 'MATERIAL ENGINEERING', 24, 6, 2, 19),
(761, 'MEC 424	', 'PIPING DESIGN', 24, 6, 2, 38),
(762, 'MEP 422	', 'TRANSPORT ECONOMIC/MANAGEMENT', 24, 6, 2, 71),
(763, 'MEM 424	', 'MACHINE ASSESMENT & INSTALLATION', 24, 6, 2, 52),
(764, 'MEP 421	', 'CONSTRUCTION & MATERIAL HANDLING EQUIPMENT', 24, 6, 2, 19),
(765, 'MEP 423	', 'MAINTENANCE MANAGEMENT', 24, 6, 2, 38),
(766, 'MEC 422	', 'FLUID POWER MACHINES', 24, 6, 1, 124),
(767, 'MEP 424	', 'ELECTRO-MECHANICAL CONTROLS', 23, 5, 2, 124),
(768, 'MCE 117	', 'THERMO FLUIDS	', 11, 1, 1, 28);

-- --------------------------------------------------------

--
-- Table structure for table `Departments`
--

CREATE TABLE `Departments` (
  `department_id` int(11) NOT NULL,
  `department_name` varchar(255) DEFAULT NULL,
  `program_id` int(50) NOT NULL,
  `level_id` int(50) NOT NULL
) ENGINE=InnoDB DEFAULT CHARSET=utf8mb4 COLLATE=utf8mb4_general_ci;

--
-- Dumping data for table `Departments`
--

INSERT INTO `Departments` (`department_id`, `department_name`, `program_id`, `level_id`) VALUES
(1, 'Computer Engineering', 1, 1),
(2, 'Computer Engineering', 1, 2),
(3, 'Computer Engineering', 2, 3),
(4, 'Computer Engineering', 2, 4),
(5, 'Computer Engineering', 3, 5),
(6, 'Computer Engineering', 3, 6),
(7, 'AGRIC AND BIO-ENVIRONMENTAL ENGINEERING', 1, 1),
(8, 'AGRIC AND BIO-ENVIRONMENTAL ENGINEERING', 1, 2),
(9, 'AGRIC AND BIO-ENVIRONMENTAL ENGINEERING', 3, 5),
(10, 'AGRIC AND BIO-ENVIRONMENTAL ENGINEERING', 3, 6),
(11, 'MECHATRONICS ENGINEERING', 1, 1),
(12, 'MECHATRONICS ENGINEERING', 1, 2),
(13, 'ELECTRICAL ENGINEERING', 1, 1),
(14, 'ELECTRICAL ENGINEERING', 1, 2),
(15, 'ELECTRICAL ENGINEERING', 2, 3),
(16, 'ELECTRICAL ENGINEERING', 2, 4),
(17, 'ELECTRICAL ENGINEERING', 3, 5),
(18, 'ELECTRICAL ENGINEERING', 3, 6),
(19, 'MECHANICAL ENGINEERING', 1, 1),
(20, 'MECHANICAL ENGINEERING', 1, 2),
(21, 'MECHANICAL ENGINEERING', 2, 3),
(22, 'MECHANICAL ENGINEERING', 2, 4),
(23, 'MECHANICAL ENGINEERING', 3, 5),
(24, 'MECHANICAL ENGINEERING', 3, 6),
(25, 'CIVIL ENGINEERING', 1, 1),
(26, 'CIVIL ENGINEERING', 1, 2),
(27, 'CIVIL ENGINEERING', 2, 3),
(28, 'CIVIL ENGINEERING', 2, 4),
(29, 'CIVIL ENGINEERING', 3, 5),
(30, 'CIVIL ENGINEERING', 3, 6),
(31, 'WELDERING & FABRICATION ENGINEERING', 1, 1),
(32, 'WELDERING & FABRICATION ENGINEERING', 1, 2);

-- --------------------------------------------------------

--
-- Table structure for table `Lecturers`
--

CREATE TABLE `Lecturers` (
  `lecturer_id` int(11) NOT NULL,
  `lecturer_name` varchar(255) DEFAULT NULL
) ENGINE=InnoDB DEFAULT CHARSET=utf8mb4 COLLATE=utf8mb4_general_ci;

--
-- Dumping data for table `Lecturers`
--

INSERT INTO `Lecturers` (`lecturer_id`, `lecturer_name`) VALUES
(1, 'Abdulraheem, A. Y.'),
(2, 'Abioye, G. A.'),
(3, 'Aboloje, A. C.'),
(4, 'Adamu, A. D.'),
(5, 'Adaramola, O. J. Engr.'),
(6, 'Adeala, A. J. Engr.'),
(7, 'Adebanji, S. A.'),
(8, 'Adebesin, A. A. Engr.'),
(9, 'Adedokun, A. M. Surv.'),
(10, 'Adegbenro, S. A. Engr. (Dr.)'),
(11, 'Adegbesan, O. O.'),
(12, 'Adekanmbi, A. Y.'),
(13, 'Adeleye, A. D.'),
(14, 'Adenaiya, O. A.'),
(15, 'Adenigba, A. A. Engr.'),
(16, 'Adeoye, K. T. Mrs.'),
(17, 'Adesanmi, M. A.'),
(18, 'Adetona, Z. A. Engr.'),
(19, 'Adetunji, O. A.'),
(20, 'Adewara, M. B. Surv'),
(21, 'Adiyeloja, I. T. Engr.'),
(22, 'Afunlehin, O. A.'),
(23, 'Agbolade, O. A.'),
(24, 'Agbongiaban, F. E.'),
(25, 'Aikulola, O. A. Engr.'),
(26, 'Aiyelabowo, O. P. Engr. Dr.'),
(27, 'Ajayi, A. M. Miss'),
(28, 'Ajetunmobi, D. T. Engr.'),
(29, 'Ajibade, T. E. Miss'),
(30, 'Ajibodu, F. A. Engr.'),
(31, 'Ajibola, W. A. Engr.'),
(32, 'Ajibose, T. S.'),
(33, 'Akanbi, O. O.'),
(34, 'Akinbola, S. M. Mrs.'),
(35, 'Akingbade, L. O. Mrs.'),
(36, 'Akinpelu, O. O.'),
(37, 'Akinseinde, O. A.'),
(38, 'Akintade, J. O. Engr.'),
(39, 'Akintola O. M.'),
(40, 'Alausa, W. S. Engr.'),
(41, 'Aliu, O. H.'),
(42, 'Alu, A. N. Miss'),
(43, 'Alugbele, O. A. Mrs.'),
(44, 'Ayegbusi, O. A. Mrs.'),
(45, 'Ayodele, A. E.'),
(46, 'Babarinde, B. F. Engr.'),
(47, 'Babayemi, D.I. Mrs.'),
(48, 'Badru, J. O.'),
(49, 'Bitrus, B. I.'),
(50, 'Buoye, A. P.'),
(51, 'Chapi, S. P.'),
(52, 'Dada, D. A. Engr.'),
(53, 'Dawodu, H. O.'),
(54, 'Durojaiye, O. P. Dr.'),
(55, 'Edun, O. M. Mrs.'),
(56, 'Enemaku, L. E. Engr.'),
(57, 'Evavoawe, F. O.'),
(58, 'Eze, B. E. Engr. (Mrs.)'),
(59, 'Ezekiel, I. D.'),
(60, 'Fadare, S. A. Engr.'),
(61, 'Fagbuaro, O. E.'),
(62, 'Fasakin, C. D.'),
(63, 'Fasasi, T. A. Engr.'),
(64, 'Fatunmbi, E. O. Dr.'),
(65, 'Ibikunle, C. D. Miss'),
(66, 'Ibrahim, G. W. Engr.'),
(67, 'Idowu, T.'),
(68, 'Jaiyeoba, O. O. Mrs.'),
(69, 'Jiboku, F. J.'),
(70, 'Joseph, E. A. Engr.'),
(71, 'Joseph, O. O. Engr.'),
(72, 'Kosemani, B. S.'),
(73, 'Lawal, A. N.'),
(74, 'Lawal, R. A. Miss'),
(75, 'Lawal, S. A.'),
(76, 'Mathew, T. O. Engr.'),
(77, 'Mbamaluikem, P. O.'),
(78, 'Mosaku, A. O.'),
(79, 'Nwaobasi, U. N.'),
(80, 'Odede, O. M.'),
(81, 'Oderinde, M. O.'),
(82, 'Oderinde, S. A.'),
(83, 'Odetunde, M. W.'),
(84, 'Odunlami, S. A. Dr. Engr.'),
(85, 'Oduwole, A. S.'),
(86, 'Oginni, I. M. Mrs.'),
(87, 'Ogunlade, C. B. Engr.'),
(88, 'Ogunseitan, T. O.'),
(89, 'Ogunseye, J. O.'),
(90, 'Ogunyemi, O. J. Engr.'),
(91, 'Ogunyinka, O. I.'),
(92, 'Ojo, B. A. Engr.'),
(93, 'Ojo, G. O.'),
(94, 'Ojochegbe, A. T.'),
(95, 'Ojuawo, O. O.'),
(96, 'Okeke, H. S.'),
(97, 'Okeze, R. C. Mrs.'),
(98, 'Okoro, N. O.'),
(99, 'Okoye, C. U. Engr.'),
(100, 'Okparavero, O. O. Miss'),
(101, 'Okusanya, M. A. Engr.'),
(102, 'Olabode, O. R.'),
(103, 'Olaiya, O. O. Engr.'),
(104, 'Olaoye, J. O.'),
(105, 'Olarewaju, A. J. Dr.'),
(106, 'Olasina, J. R. Engr.'),
(107, 'Olatunji, O. M. Mrs.'),
(108, 'Olatunji, O. T. Mrs.'),
(109, 'Olayiwola, J. O. Mrs.'),
(110, 'Oloruko-Oba, A. A.'),
(111, 'Olowofela, S. S. Engr.'),
(112, 'Oloyede, E. O.'),
(113, 'Oluigbo, C. V.'),
(114, 'Olusona, E. O.'),
(115, 'Omolola, A. S. Engr.'),
(116, 'Omopariola, S. S. Engr.'),
(117, 'Omotola, O. E.'),
(118, 'Onigbara, V. B.'),
(119, 'Onipede, F. M.'),
(120, 'Onwuasoanya, N. C.'),
(121, 'Oretan, I. L.'),
(122, 'Oyebolu, I. D. Mrs.'),
(123, 'Phillips, O. O.'),
(124, 'Raji, O. K. Engr. (Mrs.)'),
(125, 'Sadiku, M. K. Bldr'),
(126, 'Salako, F. O.'),
(127, 'Sanni, E. O.'),
(128, 'Sekoni, R. T.'),
(129, 'Shobanke, E. K.'),
(130, 'Sikiru, O. A.'),
(131, 'Sodeinde, V. O.'),
(132, 'Sonde, E. O.'),
(133, 'Sotayo, F. O.'),
(134, 'Soyemi, O. B. Engr. (Dr.)'),
(135, 'Soyemi, S. J. Dr. (Mrs.)'),
(136, 'Suleiman, A. D.'),
(137, 'Sunday, B. D.'),
(138, 'Udoh, U. J.'),
(139, 'Uduak, E.'),
(140, 'Yinusa, A. A.'),
(141, 'Yusuf, S. O. Mrs.'),
(142, 'Yusuf, M. A. Mrs.'),
(143, 'Abdulhamid, I. G.');

-- --------------------------------------------------------

--
-- Table structure for table `Levels`
--

CREATE TABLE `Levels` (
  `level_id` int(11) NOT NULL,
  `level_name` varchar(255) DEFAULT NULL,
  `program_id` int(11) DEFAULT NULL
) ENGINE=InnoDB DEFAULT CHARSET=utf8mb4 COLLATE=utf8mb4_general_ci;

--
-- Dumping data for table `Levels`
--

INSERT INTO `Levels` (`level_id`, `level_name`, `program_id`) VALUES
(1, 'ND1', 1),
(2, 'ND2', 1),
(3, 'PND1', 2),
(4, 'PND2', 2),
(5, 'HND1', 3),
(6, 'HND2', 3);

-- --------------------------------------------------------

--
-- Table structure for table `Programs`
--

CREATE TABLE `Programs` (
  `program_id` int(11) NOT NULL,
  `program_name` varchar(255) DEFAULT NULL
) ENGINE=InnoDB DEFAULT CHARSET=utf8mb4 COLLATE=utf8mb4_general_ci;

--
-- Dumping data for table `Programs`
--

INSERT INTO `Programs` (`program_id`, `program_name`) VALUES
(1, 'ND'),
(2, 'PND'),
(3, 'HND');

-- --------------------------------------------------------

--
-- Table structure for table `Semesters`
--

CREATE TABLE `Semesters` (
  `semester_id` int(11) NOT NULL,
  `semester_name` varchar(255) DEFAULT NULL
) ENGINE=InnoDB DEFAULT CHARSET=utf8mb4 COLLATE=utf8mb4_general_ci;

--
-- Dumping data for table `Semesters`
--

INSERT INTO `Semesters` (`semester_id`, `semester_name`) VALUES
(1, 'First Semester'),
(2, 'Second Semester');

-- --------------------------------------------------------

--
-- Table structure for table `Students`
--

CREATE TABLE `Students` (
  `id` int(11) NOT NULL,
  `name` varchar(100) NOT NULL,
  `matric` varchar(50) NOT NULL,
  `level` int(11) NOT NULL,
  `department` int(11) NOT NULL
) ENGINE=InnoDB DEFAULT CHARSET=utf8mb4 COLLATE=utf8mb4_general_ci;

--
-- Dumping data for table `Students`
--

INSERT INTO `Students` (`id`, `name`, `matric`, `level`, `department`) VALUES
(1, 'Adelanwa Moses', 'H/CTE/22/1289', 1, 1),
(2, 'Jolayemi Lola Adeoluwa', 'H/CTE/22/1684', 5, 14),
(3, 'Shade Jamiu', 'H/CTE/22/2664', 2, 12),
(4, 'Ifeoma Zainab Agboola', 'H/CTE/22/9954', 3, 32),
(5, 'Ifeoma Bamisebi', 'H/CTE/22/8903', 4, 19),
(6, 'Simisola Omolara Oyebola', 'H/CTE/22/2474', 5, 4),
(7, 'Obioma Ayebatari Mutiat', 'H/CTE/22/7639', 2, 10),
(8, 'Akunna Wasiu', 'H/CTE/22/3352', 2, 25),
(9, 'Ireti Iyalla', 'H/CTE/22/4735', 3, 16),
(10, 'Tobiloba Ayobami', 'H/CTE/22/3568', 6, 5),
(11, 'Kubra Johnson Nwuzor', 'H/CTE/22/3782', 4, 3),
(12, 'Cherechi Ayisat', 'H/CTE/22/3362', 3, 2),
(13, 'Kemi Musa Oladimeji', 'H/CTE/22/4102', 6, 1),
(14, 'Chimamanda Akintade', 'H/CTE/22/6623', 5, 18),
(15, 'Titilope Balogun', 'H/CTE/22/8729', 3, 32),
(16, 'Funmilade Ikenna Sylvester', 'H/CTE/22/4420', 3, 32),
(17, 'Chiamaka Chiamaka Oyelude', 'H/CTE/22/8640', 5, 17),
(18, 'Onome Leonard', 'H/CTE/22/6935', 3, 17),
(19, 'Chinyere Augustina Sulaimon', 'H/CTE/22/8002', 2, 18),
(20, 'Lola Adaugo Elizabeth', 'H/CTE/22/8837', 6, 7),
(21, 'Remilekun Akanni Olubukola', 'H/CTE/22/9130', 1, 30),
(22, 'Adeboye Akanni Ngozi', 'H/CTE/22/5650', 1, 16),
(23, 'Bankole Bankole Elizabeth', 'H/CTE/22/7526', 5, 1),
(24, 'Ayebatari Aigbiniode', 'H/CTE/22/6774', 6, 27),
(25, 'Chizoba Ismail', 'H/CTE/22/1429', 4, 4),
(26, 'Ebiere Latifat', 'H/CTE/22/7471', 3, 10),
(27, 'Simisola Jolayemi Adewura', 'H/CTE/22/6495', 4, 11),
(28, 'Efe Efe Kimberly', 'H/CTE/22/8698', 5, 8),
(29, 'Funmilade Tobiloba Miracle', 'H/CTE/22/4036', 4, 11),
(30, 'Uzodimma Uzodimma Kayode', 'H/CTE/22/3808', 6, 7),
(31, 'Abisola Toke Oluwashina', 'H/CTE/22/4012', 1, 24),
(32, 'Lola Ajakaiye', 'H/CTE/22/2134', 1, 24),
(33, 'Rasheedah Uchechi', 'H/CTE/22/4581', 3, 12),
(34, 'Lolade Okonkwo', 'H/CTE/22/4220', 2, 20),
(35, 'Zainab Isioma Obianuju', 'H/CTE/22/5104', 5, 21),
(36, 'Onome Obioma Sekinat', 'H/CTE/22/6977', 3, 23),
(37, 'Abisoye Shade Oladeji', 'H/CTE/22/6731', 5, 15),
(38, 'Adaugo Adaugo Wuraola', 'H/CTE/22/2301', 3, 28),
(39, 'Akande Ayomide', 'H/CTE/22/9221', 1, 18),
(40, 'Emmanuel Remilekun Christian', 'H/CTE/22/6305', 6, 29),
(41, 'Augustina David', 'H/CTE/22/5119', 6, 12),
(42, 'Abimbola Onohinosen', 'H/CTE/22/5368', 2, 22),
(43, 'Banji Mustapha', 'H/CTE/22/9004', 1, 17),
(44, 'Titilayo Agnes', 'H/CTE/22/4731', 2, 19),
(45, 'Onoriode Oluwunmi Wilcox', 'H/CTE/22/8723', 4, 3),
(46, 'Ifunanya Simisola Adewunmi', 'H/CTE/22/5695', 6, 21),
(47, 'Gbeminiyi Danjuma Adesina', 'H/CTE/22/8031', 2, 7),
(48, 'Zainab Fatima Tolulope', 'H/CTE/22/6254', 5, 25),
(49, 'Sumayyah Toluwani Mutiat', 'H/CTE/22/4787', 6, 18),
(50, 'Tari Danjuma Abosede', 'H/CTE/22/6022', 3, 30),
(51, 'Omolara Adaobi', 'H/CTE/22/3267', 3, 1),
(52, 'Efe Saheed', 'H/CTE/22/7156', 1, 22),
(53, 'Onoriode Sarah', 'H/CTE/22/5963', 4, 5),
(54, 'Chinyere Odunayo', 'H/CTE/22/5313', 1, 6),
(55, 'Yakubu Abosede', 'H/CTE/22/5911', 6, 4),
(56, 'Toluwani Toluwani Ayobami', 'H/CTE/22/5087', 3, 9),
(57, 'Habiba Habeeb', 'H/CTE/22/7968', 3, 11),
(58, 'Zainab Ogunwande', 'H/CTE/22/1036', 4, 25),
(59, 'Tomiloba Olaide Bamisebi', 'H/CTE/22/6756', 2, 10),
(60, 'Chizoba Ifunanya Obiageli', 'H/CTE/22/6061', 2, 15),
(61, 'Ikenna Elizabeth', 'H/CTE/22/7023', 5, 21),
(62, 'Lola Onohinosen', 'H/CTE/22/1395', 5, 6),
(63, 'Sekinat Fatima Ayisat', 'H/CTE/22/9066', 2, 5),
(64, 'Johnson Oluwunmi Obiageli', 'H/CTE/22/8475', 3, 20),
(65, 'Obioma Cherechi Emmanuel', 'H/CTE/22/2027', 1, 25),
(66, 'Augustina Omolara Oluwashina', 'H/CTE/22/4343', 6, 27),
(67, 'Funmilayo Nwuzor', 'H/CTE/22/9188', 1, 13),
(68, 'Ireti Ebubechukwu', 'H/CTE/22/5131', 3, 24),
(69, 'Ebiowei Mobolaji', 'H/CTE/22/5273', 2, 32),
(70, 'Sumayyah Clare', 'H/CTE/22/1511', 1, 28),
(71, 'Damilare Akintade', 'H/CTE/22/4121', 6, 6),
(72, 'Uzodimma Lawal', 'H/CTE/22/1013', 1, 7),
(73, 'Onome Chizoba Temitope', 'H/CTE/22/8874', 1, 13),
(74, 'Titi Gbogboade', 'H/CTE/22/7384', 6, 27),
(75, 'Augustina Maryam', 'H/CTE/22/2173', 6, 29),
(76, 'Chimamanda Oladimeji', 'H/CTE/22/2228', 5, 5),
(77, 'Chiamaka Sumayyah Iyalla', 'H/CTE/22/9397', 1, 1),
(78, 'Onoriode Adewura', 'H/CTE/22/5208', 2, 15),
(79, 'Chizoba Chinyere Israel', 'H/CTE/22/8094', 1, 18),
(80, 'Onoriode Ayinde Emmanuel', 'H/CTE/22/1279', 5, 14),
(81, 'Adaugo Peter', 'H/CTE/22/4142', 2, 12),
(82, 'Ifeoma Olumide', 'H/CTE/22/6677', 1, 31),
(83, 'Omolara Adeyemo', 'H/CTE/22/6396', 6, 2),
(84, 'Kayode Yusuf Olubunmi', 'H/CTE/22/3434', 4, 26),
(85, 'Simisola Abodunrin', 'H/CTE/22/4171', 2, 8),
(86, 'Yakubu Joshua', 'H/CTE/22/2199', 6, 25),
(87, 'Aminat Hanifat', 'H/CTE/22/1667', 5, 12),
(88, 'Damilare Nojeem', 'H/CTE/22/7966', 2, 31),
(89, 'Ebiere Rasheedah Bello', 'H/CTE/22/4297', 2, 25),
(90, 'Yusuf Adewura', 'H/CTE/22/6442', 2, 26),
(91, 'Aminu Ebiere Isokun', 'H/CTE/22/4337', 3, 16),
(92, 'Toluwani Chibike', 'H/CTE/22/3734', 4, 14),
(93, 'Cherechi Esther', 'H/CTE/22/6206', 5, 27),
(94, 'Cherechi Sekinat', 'H/CTE/22/5996', 5, 32),
(95, 'Chimamanda Ebiere Onohinosen', 'H/CTE/22/6686', 3, 1),
(96, 'Lola Aminat Abiola', 'H/CTE/22/1573', 5, 27),
(97, 'Akunna Toluwani Hanifat', 'H/CTE/22/1319', 1, 20),
(98, 'Muyiwa Ayisat', 'H/CTE/22/8227', 3, 22),
(99, 'Ikenna Shade Ismail', 'H/CTE/22/1813', 6, 12),
(100, 'Isioma Titi Wuraola', 'H/CTE/22/3186', 6, 24),
(101, 'Augustina Sumayyah Salami', 'H/CTE/22/7093', 2, 23),
(102, 'Onome Aminat Aigbiniode', 'H/CTE/22/4557', 1, 1),
(103, 'Sekinat Ebiere Kimberly', 'H/CTE/22/6550', 3, 26),
(104, 'Omawunmi Maryam', 'H/CTE/22/6286', 6, 26),
(105, 'Sumayyah Osuagwu', 'H/CTE/22/2352', 5, 27),
(106, 'Danjuma Adewura', 'H/CTE/22/4695', 2, 21),
(107, 'Damilare Adewale', 'H/CTE/22/7107', 1, 7),
(108, 'Abisoye Akanni Olubukola', 'H/CTE/22/8501', 5, 10),
(109, 'Banji Mohammed Samuel', 'H/CTE/22/7469', 4, 25),
(110, 'Ayebatari Israel', 'H/CTE/22/5475', 6, 7),
(111, 'Zainab Ifeoma Odunayo', 'H/CTE/22/1244', 5, 4),
(112, 'Titi Isaac', 'H/CTE/22/7076', 3, 18),
(113, 'Abisola Uzodimma Adeoluwa', 'H/CTE/22/7021', 4, 31),
(114, 'Banji Makinwa Muinat', 'H/CTE/22/7577', 5, 24),
(115, 'Kubura Temitope Bamisebi', 'H/CTE/22/4477', 4, 16),
(116, 'Lolade Tella', 'H/CTE/22/8861', 1, 28),
(117, 'Abisoye Jamiu', 'H/CTE/22/7678', 5, 32),
(118, 'Akande Bukola Olaoluwa', 'H/CTE/22/2553', 4, 13),
(119, 'Ifeoma Kimberly', 'H/CTE/22/3052', 5, 30),
(120, 'Onoriode Oluwashina', 'H/CTE/22/5265', 4, 18),
(121, 'Omawunmi Isioma Oluwakemi', 'H/CTE/22/3003', 5, 7),
(122, 'Wale Sname Okonkwo', 'H/CTE/22/7924', 5, 16),
(123, 'Adaugo Ayisat', 'H/CTE/22/8686', 4, 27),
(124, 'Ireti Shade Adeyemo', 'H/CTE/22/4548', 3, 12),
(125, 'Funmilade Ndukwu', 'H/CTE/22/5500', 1, 15),
(126, 'Akanni Yusuf Adewale', 'H/CTE/22/7864', 6, 1),
(127, 'Aminu Zainab Ndukwu', 'H/CTE/22/4395', 1, 30),
(128, 'Akunna Olasunkanmi', 'H/CTE/22/3138', 1, 26),
(129, 'Titi Ifeoma Olutola', 'H/CTE/22/9625', 1, 7),
(130, 'Johnson Ireti Mutiat', 'H/CTE/22/5720', 3, 11),
(131, 'Kubra Olufunmi Olutola', 'H/CTE/22/3735', 3, 21),
(132, 'Omawunmi Adaobi', 'H/CTE/22/1100', 5, 11),
(133, 'Tope Tope Adegoke', 'H/CTE/22/9911', 6, 6),
(134, 'Danjuma Odunayo', 'H/CTE/22/5028', 1, 21),
(135, 'Rasheedah Jolayemi Kayode', 'H/CTE/22/3588', 1, 29),
(136, 'Abisola Emmanuel Oluwanisola', 'H/CTE/22/5298', 6, 20),
(137, 'Sekinat Nwachukwu', 'H/CTE/22/1915', 5, 11),
(138, 'Simisola Grace', 'H/CTE/22/8099', 3, 23),
(139, 'Chinyere Fatima Oluwakemi', 'H/CTE/22/1125', 5, 11),
(140, 'Mohammed Habeeb', 'H/CTE/22/2821', 2, 16),
(141, 'Bukola Esse Onyinyechukwu', 'H/CTE/22/1113', 6, 14),
(142, 'Kubra Tari Uchechi', 'H/CTE/22/6814', 5, 13),
(143, 'Chiamaka Chimamanda Ayobami', 'H/CTE/22/5050', 4, 27),
(144, 'Esse Oluwanisola', 'H/CTE/22/1658', 1, 28),
(145, 'Ifeanyichukwu Olasunkanmi-fasayo', 'H/CTE/22/7386', 1, 14),
(146, 'Titilope Johnson Chidinma', 'H/CTE/22/3377', 2, 32),
(147, 'Chiamaka Oyebola', 'H/CTE/22/3336', 4, 13),
(148, 'Ifunanya Lola Funmilayo', 'H/CTE/22/7325', 2, 22),
(149, 'Jadesola Olumide Obiageli', 'H/CTE/22/1407', 4, 20),
(150, 'Ifunanya Omowale', 'H/CTE/22/1572', 3, 8),
(151, 'Bukola Uzodimma Tella', 'H/CTE/22/2831', 3, 29),
(152, 'Isioma Isioma Tamunoemi', 'H/CTE/22/2598', 4, 24),
(153, 'Abisoye Ayinde Babatunde', 'H/CTE/22/1552', 2, 18),
(154, 'Isioma Omolara Aremu', 'H/CTE/22/2463', 4, 17),
(155, 'Toluwani Efe Sabdat', 'H/CTE/22/1723', 6, 4),
(156, 'Fatima Sekinat Chidinma', 'H/CTE/22/8776', 4, 13),
(157, 'Funmilade Olawale', 'H/CTE/22/2409', 1, 31),
(158, 'Uzodimma Chidinma', 'H/CTE/22/2261', 2, 1),
(159, 'Yusuf Adeboye Elizabeth', 'H/CTE/22/5486', 3, 23),
(160, 'Olaide Muinat', 'H/CTE/22/6195', 2, 19),
(161, 'Habiba Tope Mayowa', 'H/CTE/22/8827', 4, 5),
(162, 'Aminat Okunola', 'H/CTE/22/5524', 6, 9),
(163, 'Chisom Leonard', 'H/CTE/22/4993', 5, 1),
(164, 'Adeboye Tomiloba Salami', 'H/CTE/22/5719', 4, 26),
(165, 'Sumayyah Omobolaji', 'H/CTE/22/4690', 5, 24),
(166, 'Ayebatari Ifeoma Nojeem', 'H/CTE/22/9757', 2, 1),
(167, 'Ikhidie Abisola Agboola', 'H/CTE/22/7475', 6, 3),
(168, 'Ayinde Onose', 'H/CTE/22/2501', 2, 32),
(169, 'Musa Amaechi', 'H/CTE/22/5309', 5, 7),
(170, 'Omawunmi Sekinat', 'H/CTE/22/4549', 4, 14),
(171, 'Obioma Abiodun', 'H/CTE/22/2760', 3, 21),
(172, 'Uzodimma Abimbola Samuel', 'H/CTE/22/5910', 3, 4),
(173, 'Kubura Chinedu Olubukola', 'H/CTE/22/9279', 4, 32),
(174, 'Obioma Chidinma', 'H/CTE/22/8754', 1, 17),
(175, 'Omawunmi Onome Wuraola', 'H/CTE/22/1962', 6, 13),
(176, 'Chimamanda Cherechi Babatunde', 'H/CTE/22/7684', 1, 13),
(177, 'Ifunanya David', 'H/CTE/22/9320', 6, 25),
(178, 'Olufunmi Temitope Mogbadunade', 'H/CTE/22/9915', 4, 16),
(179, 'Adaugo Israel', 'H/CTE/22/5268', 6, 30),
(180, 'Aminat Efe Olutola', 'H/CTE/22/5222', 4, 3),
(181, 'Akunna Mustapha', 'H/CTE/22/1752', 3, 8),
(182, 'Chimamanda Chizoba Adewale', 'H/CTE/22/7005', 6, 13),
(183, 'Ifunanya Wasiu', 'H/CTE/22/8441', 2, 19),
(184, 'Shalewa Sulaimon', 'H/CTE/22/5375', 3, 10),
(185, 'Zainab Simisola Adeyemo', 'H/CTE/22/7213', 6, 31),
(186, 'Simisola Kayode', 'H/CTE/22/4120', 4, 2),
(187, 'Efe Ehigiator', 'H/CTE/22/6880', 3, 21),
(188, 'Funmilayo Funmilade Olutola', 'H/CTE/22/2617', 2, 21),
(189, 'Ireti Mohammed Kayode', 'H/CTE/22/7383', 6, 7),
(190, 'Ifunanya Omawunmi Olufeyikemi', 'H/CTE/22/9382', 3, 16),
(191, 'Adedayo Johnson Leonard', 'H/CTE/22/8162', 1, 15),
(192, 'Gbemisola Elizabeth', 'H/CTE/22/4385', 1, 16),
(193, 'Bukola Olaide Adewale', 'H/CTE/22/3536', 5, 2),
(194, 'Mohammed Gbogboade', 'H/CTE/22/4450', 2, 23),
(195, 'Uzodimma Abodunrin', 'H/CTE/22/9863', 1, 22),
(196, 'Chimamanda Olubunmi', 'H/CTE/22/6598', 6, 8),
(197, 'Danjuma Habiba Nwogu', 'H/CTE/22/2160', 2, 15),
(198, 'Rotimi Samuel', 'H/CTE/22/4824', 3, 5),
(199, 'Akanni Taiwo', 'H/CTE/22/5512', 4, 17),
(200, 'Kubura Ayomide', 'H/CTE/22/5807', 3, 9),
(201, 'Zainab Chidozie', 'H/CTE/22/9241', 4, 22),
(202, 'Yusuf Onoriode Sabdat', 'H/CTE/22/5032', 3, 11),
(203, 'Funmilayo Olaide Adegboye', 'H/CTE/22/2372', 5, 14),
(204, 'Lolade Damilola Sulaimon', 'H/CTE/22/6830', 6, 9),
(205, 'Onome Rasheedah Tolulope', 'H/CTE/22/4615', 5, 16),
(206, 'Chimamanda Chinyere Omowale', 'H/CTE/22/3856', 3, 20),
(207, 'Jolayemi Muinat', 'H/CTE/22/2163', 4, 14),
(208, 'Toke Damilola Oluwakemi', 'H/CTE/22/5949', 2, 5),
(209, 'Akunna Babatunde', 'H/CTE/22/5355', 3, 5),
(210, 'Ebiere Rasheedah Balogun', 'H/CTE/22/9723', 4, 17),
(211, 'Alade Wasiu', 'H/CTE/22/3469', 5, 31),
(212, 'Augustina Aderonke', 'H/CTE/22/7622', 6, 1),
(213, 'Azubuike Aminat', 'H/CTE/22/5702', 4, 9),
(214, 'Titi Ayisat', 'H/CTE/22/2909', 4, 30),
(215, 'Chiamaka Jolayemi Jamiu', 'H/CTE/22/1857', 2, 14),
(216, 'Alade Mohammed Ismail', 'H/CTE/22/7436', 1, 15),
(217, 'Onoriode Bankole Oluwanisola', 'H/CTE/22/8927', 4, 14),
(218, 'Sumayyah Ogunbanwo', 'H/CTE/22/5739', 2, 32),
(219, 'Simisola Adaugo Adewale', 'H/CTE/22/9676', 2, 3),
(220, 'Danjuma Bukola Samuel', 'H/CTE/22/5810', 2, 15),
(221, 'Muyiwa Akerele', 'H/CTE/22/6012', 6, 6),
(222, 'Ebiere Obianuju', 'H/CTE/22/3440', 2, 13),
(223, 'Zainab Elizabeth', 'H/CTE/22/2832', 5, 18),
(224, 'Ifeoma Esther', 'H/CTE/22/8674', 5, 28),
(225, 'Cherechi Akunna Ogunwande', 'H/CTE/22/6429', 5, 10),
(226, 'Cherechi Isokun', 'H/CTE/22/3108', 6, 25),
(227, 'Gbeminiyi Mayowa', 'H/CTE/22/3281', 6, 6),
(228, 'Sumayyah Chibike', 'H/CTE/22/5519', 3, 8),
(229, 'Aminat Chiamaka Agboola', 'H/CTE/22/2935', 5, 31),
(230, 'Ifunanya Jolayemi Samuel', 'H/CTE/22/2169', 5, 25),
(231, 'Ifunanya Taiwo', 'H/CTE/22/3264', 2, 18),
(232, 'Toke Chidinma', 'H/CTE/22/5343', 1, 32),
(233, 'Titilayo Busari', 'H/CTE/22/3790', 1, 2),
(234, 'Ifunanya Katherine', 'H/CTE/22/8758', 1, 16),
(235, 'Cherechi Oladeji', 'H/CTE/22/3519', 6, 22),
(236, 'Omawunmi Nojeem', 'H/CTE/22/7656', 2, 14),
(237, 'Sumayyah Abiodun', 'H/CTE/22/9672', 2, 2),
(238, 'Sumayyah Cherechi Sanusi', 'H/CTE/22/2148', 4, 28),
(239, 'Shalewa Mustapha', 'H/CTE/22/5020', 3, 1),
(240, 'Omolara Omawunmi Uchechi', 'H/CTE/22/8797', 1, 2),
(241, 'Fatima Maryam', 'H/CTE/22/1128', 2, 21),
(242, 'Funmilade Tobiloba Ayobami', 'H/CTE/22/6135', 2, 12),
(243, 'Aminu Aminat', 'H/CTE/22/5558', 6, 13),
(244, 'Ifunanya Augustina Elebiyo', 'H/CTE/22/2351', 2, 8),
(245, 'Ifeoma Rasheedah Tella', 'H/CTE/22/4113', 2, 14),
(246, 'Efe Abiodun', 'H/CTE/22/8912', 2, 29),
(247, 'Ikhidie Gbeminiyi Lawal', 'H/CTE/22/6573', 1, 32),
(248, 'Kemi Esther', 'H/CTE/22/5901', 5, 16),
(249, 'Oluwunmi Damilare Ebubechukwu', 'H/CTE/22/7266', 5, 22),
(250, 'Chimamanda Opeyemi', 'H/CTE/22/1095', 6, 27),
(251, 'Efe Osuagwu', 'H/CTE/22/9650', 1, 7),
(252, 'Ifunanya Titilayo Nwogu', 'H/CTE/22/4952', 5, 3),
(253, 'Mohammed Ekwueme', 'H/CTE/22/2807', 6, 2),
(254, 'Sekinat Cherechi Lawal', 'H/CTE/22/5326', 4, 3),
(255, 'Lola Toluwani Tella', 'H/CTE/22/3687', 5, 9),
(256, 'Rasheedah Akunna Abodunrin', 'H/CTE/22/2986', 5, 9),
(257, 'Bukola Chibuike', 'H/CTE/22/8474', 1, 11),
(258, 'Yusuf Buchi Adeyemo', 'H/CTE/22/7909', 4, 27),
(259, 'Esse Onose', 'H/CTE/22/2938', 2, 3),
(260, 'Kayode Muyiwa Yussuf', 'H/CTE/22/9667', 3, 14),
(261, 'Chinedu Olaoluwa', 'H/CTE/22/7883', 6, 3),
(262, 'Bankole Ismail', 'H/CTE/22/6052', 4, 19),
(263, 'Adaugo Ngozi', 'H/CTE/22/5703', 5, 30),
(264, 'Tobiloba Kayode Aderonke', 'H/CTE/22/9304', 2, 18),
(265, 'Aminat Onose', 'H/CTE/22/9636', 2, 22),
(266, 'Akunna Christian', 'H/CTE/22/6485', 2, 16),
(267, 'Titilayo Adaugo Aigbiniode', 'H/CTE/22/3029', 3, 14),
(268, 'Bukola Adewale', 'H/CTE/22/8721', 1, 19),
(269, 'Chinyere Aminat Omobolanle', 'H/CTE/22/2750', 4, 23),
(270, 'Aminat Adaugo Clare', 'H/CTE/22/1163', 4, 28),
(271, 'Simisola Onohinosen', 'H/CTE/22/1482', 5, 25),
(272, 'Ebiere Ayomide', 'H/CTE/22/9571', 4, 17),
(273, 'Tobiloba Gbadamosi', 'H/CTE/22/9744', 1, 15),
(274, 'Olufunmi Damilare Ismail', 'H/CTE/22/2961', 6, 22),
(275, 'Aminu Makuachukwu', 'H/CTE/22/8275', 6, 21),
(276, 'Onoriode Olubukola', 'H/CTE/22/5708', 6, 22),
(277, 'Isioma Amaechi', 'H/CTE/22/1544', 6, 9),
(278, 'Tope Akande Ismail', 'H/CTE/22/7655', 2, 27),
(279, 'Bukola Shalewa Uchechi', 'H/CTE/22/5696', 3, 26),
(280, 'Sekinat Fatima Adewale', 'H/CTE/22/8046', 5, 7),
(281, 'Zainab Aderinsola', 'H/CTE/22/2344', 4, 9),
(282, 'Omolara Leonard', 'H/CTE/22/9552', 6, 11),
(283, 'Wale Kubra Ismail', 'H/CTE/22/4481', 3, 21),
(284, 'Damilare Latifat', 'H/CTE/22/1787', 2, 27),
(285, 'Ebiere Miracle', 'H/CTE/22/4875', 3, 5),
(286, 'Tobiloba Damilola David', 'H/CTE/22/5244', 6, 2),
(287, 'Azubuike Rotimi Miracle', 'H/CTE/22/6982', 4, 16),
(288, 'Ifeoma Titilayo Omowale', 'H/CTE/22/4069', 6, 31),
(289, 'Johnson Kubra Mustapha', 'H/CTE/22/8860', 4, 25),
(290, 'Makinwa Onoriode Olawale', 'H/CTE/22/1502', 1, 1),
(291, 'Isioma Sumayyah Funmilayo', 'H/CTE/22/2190', 5, 20),
(292, 'Titilayo Onome Maryjane', 'H/CTE/22/5085', 5, 14),
(293, 'Zainab Obioma Muinat', 'H/CTE/22/4255', 1, 10),
(294, 'Damilola Onose', 'H/CTE/22/2550', 5, 26),
(295, 'Ireti Oladeji', 'H/CTE/22/6211', 1, 9),
(296, 'Efe Titi Yaqub', 'H/CTE/22/8662', 3, 20),
(297, 'Obioma Ifunanya Omobolanle', 'H/CTE/22/4244', 1, 19),
(298, 'Chizoba Yussuf', 'H/CTE/22/2176', 1, 3),
(299, 'Tope Omobolanle', 'H/CTE/22/1183', 4, 30),
(300, 'Lola Omawunmi Abosede', 'H/CTE/22/3929', 3, 3),
(301, 'Tope Alade Emmanuel', 'H/CTE/22/2417', 3, 9),
(302, 'Damilare Yusuf Temitope', 'H/CTE/22/2512', 6, 9),
(303, 'Aminu Obioma Emmanuel', 'H/CTE/22/7623', 2, 2),
(304, 'Onome Rasheedah Chidozie', 'H/CTE/22/1779', 1, 1),
(305, 'Ebiere Tella', 'H/CTE/22/8460', 5, 7),
(306, 'Chinedu Abisoye Aminat', 'H/CTE/22/9240', 4, 23),
(307, 'Jolayemi Onome Nwogu', 'H/CTE/22/8359', 3, 16),
(308, 'Rotimi Omolara', 'H/CTE/22/2183', 5, 8),
(309, 'Chinyere Onose', 'H/CTE/22/2976', 4, 15),
(310, 'Omolara Lola Jamiu', 'H/CTE/22/1046', 1, 4),
(311, 'Sumayyah Nwachukwu', 'H/CTE/22/7204', 2, 18),
(312, 'Emeka Abiola', 'H/CTE/22/7569', 3, 26),
(313, 'Abisola Adegoke Okonkwo', 'H/CTE/22/8194', 6, 2),
(314, 'Ayebatari Agboola', 'H/CTE/22/7710', 1, 8),
(315, 'Johnson Olaide Ajose-adeogun', 'H/CTE/22/5579', 4, 8),
(316, 'Titi Leonard', 'H/CTE/22/8251', 6, 11),
(317, 'Tobiloba Olumide Nwachukwu', 'H/CTE/22/4680', 3, 29),
(318, 'Jolayemi Aligbe', 'H/CTE/22/6527', 1, 19),
(319, 'Lola Salami', 'H/CTE/22/7008', 4, 28),
(320, 'Chiamaka Ayebatari Ayomide', 'H/CTE/22/9857', 1, 8),
(321, 'Toke Adegoke', 'H/CTE/22/1059', 5, 10),
(322, 'Tomiloba Ikhidie Israel', 'H/CTE/22/7301', 1, 6),
(323, 'Chizoba Ndukwu', 'H/CTE/22/8412', 2, 3),
(324, 'Tobiloba Chidinma', 'H/CTE/22/5045', 5, 32),
(325, 'Chukwu Abimbola Sarah', 'H/CTE/22/9835', 5, 12),
(326, 'Emmanuel Chisom Akeem-omosanya', 'H/CTE/22/1679', 1, 22),
(327, 'Muyiwa Oladimeji', 'H/CTE/22/8818', 4, 27),
(328, 'Isioma Agnes', 'H/CTE/22/3206', 2, 23),
(329, 'Funmilade Makuachukwu', 'H/CTE/22/6806', 4, 3),
(330, 'Sumayyah Sumayyah Uchechi', 'H/CTE/22/4361', 3, 26),
(331, 'Tari Sylvester', 'H/CTE/22/6948', 6, 22),
(332, 'Yusuf Jadesola Elizabeth', 'H/CTE/22/5429', 2, 3),
(333, 'Simisola Zainab Jimoh', 'H/CTE/22/3806', 4, 16),
(334, 'Omawunmi Aremu', 'H/CTE/22/4616', 6, 6),
(335, 'Fatima Titilayo Ismail', 'H/CTE/22/5058', 1, 19),
(336, 'Sumayyah Esther', 'H/CTE/22/8509', 1, 31),
(337, 'Zainab Aminu Agnes', 'H/CTE/22/2251', 5, 32),
(338, 'Efe Ayomide', 'H/CTE/22/6437', 6, 21),
(339, 'Sekinat Ajakaiye', 'H/CTE/22/4944', 4, 1),
(340, 'Gbemisola Iyalla', 'H/CTE/22/4618', 2, 3),
(341, 'Aminat Sumayyah Ademola', 'H/CTE/22/8504', 6, 15),
(342, 'Ebiowei Bankole Ehigiator', 'H/CTE/22/5452', 3, 13),
(343, 'Ayebatari Lola Adebayo', 'H/CTE/22/1842', 5, 24),
(344, 'Makinwa Wale Aremu', 'H/CTE/22/4081', 1, 16),
(345, 'Ebiere Aminu Emmanuel', 'H/CTE/22/4604', 5, 11),
(346, 'Ayebatari Akunna Salami', 'H/CTE/22/7820', 6, 6),
(347, 'Jadesola Okonkwo', 'H/CTE/22/5620', 3, 3),
(348, 'Fatima Uchechi', 'H/CTE/22/9485', 3, 22),
(349, 'Jolayemi Ebubechukwu', 'H/CTE/22/6848', 3, 1),
(350, 'Onome Isioma Maryjane', 'H/CTE/22/6171', 3, 29),
(351, 'Titilayo Simisola Olasunkanmi', 'H/CTE/22/3743', 1, 10),
(352, 'Abisoye Mustapha', 'H/CTE/22/1364', 5, 15),
(353, 'Sumayyah Mukaram', 'H/CTE/22/8803', 6, 13),
(354, 'Damilare Akanni Mayowa', 'H/CTE/22/5538', 4, 16),
(355, 'Jadesola Oluwaseun', 'H/CTE/22/3718', 5, 27),
(356, 'Chukwu Musa Segunmaru', 'H/CTE/22/6778', 1, 25),
(357, 'Bankole Opeyemi', 'H/CTE/22/6850', 5, 24),
(358, 'Olufunmi Sulaimon', 'H/CTE/22/3031', 4, 27),
(359, 'Chimamanda Toluwani Ayisat', 'H/CTE/22/7079', 2, 32),
(360, 'Ayinde Isaac', 'H/CTE/22/6410', 1, 17),
(361, 'Omolara Kayode', 'H/CTE/22/6088', 4, 20),
(362, 'Ifunanya Mobolaji', 'H/CTE/22/1359', 4, 2),
(363, 'Ifeanyichukwu Chibuike', 'H/CTE/22/9335', 1, 32),
(364, 'Funmilade Yusuf Afunku', 'H/CTE/22/8601', 6, 19),
(365, 'Kayode Shade Agnes', 'H/CTE/22/2383', 6, 2),
(366, 'Yusuf Elizabeth', 'H/CTE/22/5197', 5, 17),
(367, 'Sumayyah Maryjane', 'H/CTE/22/8017', 4, 14),
(368, 'Aminat Olaoluwa', 'H/CTE/22/5518', 2, 29),
(369, 'Chiamaka Ayebatari Motalo', 'H/CTE/22/8549', 1, 14),
(370, 'Ebiowei Azubuike Odunayo', 'H/CTE/22/1626', 1, 26),
(371, 'Chimamanda Chinyere Chidinma', 'H/CTE/22/8437', 3, 10),
(372, 'Olaide Ikhidie Chibuike', 'H/CTE/22/7340', 4, 15),
(373, 'Ifunanya Fatima Adeoluwa', 'H/CTE/22/8779', 1, 7),
(374, 'Obioma Rasheedah Ladega', 'H/CTE/22/5761', 2, 5),
(375, 'Chimamanda Olubukola', 'H/CTE/22/5185', 5, 12),
(376, 'Zainab Cherechi Oladeji', 'H/CTE/22/4765', 4, 10),
(377, 'Azubuike Sname Nwuzor', 'H/CTE/22/6821', 2, 32),
(378, 'Chiamaka Muinat', 'H/CTE/22/5385', 6, 8),
(379, 'Adedayo Ogunbanwo', 'H/CTE/22/1678', 3, 15),
(380, 'Adaugo Isokun', 'H/CTE/22/1569', 1, 22),
(381, 'Emeka Akeem-omosanya', 'H/CTE/22/5824', 2, 5),
(382, 'Aminu Adewale', 'H/CTE/22/4603', 4, 20),
(383, 'Remilekun Sylvester', 'H/CTE/22/2270', 1, 29),
(384, 'Jolayemi Israel', 'H/CTE/22/9923', 4, 31),
(385, 'Jolayemi Motalo', 'H/CTE/22/2255', 1, 10),
(386, 'Ebiowei Tobiloba Ndukwu', 'H/CTE/22/5993', 3, 11),
(387, 'Banji Adebayo', 'H/CTE/22/8941', 4, 31),
(388, 'Isioma Sekinat Olubunmi', 'H/CTE/22/2309', 3, 14),
(389, 'Azubuike Odunayo', 'H/CTE/22/8535', 5, 24),
(390, 'Damilare Ikenna Wuraola', 'H/CTE/22/4770', 3, 4),
(391, 'Rotimi Ayisat', 'H/CTE/22/5308', 5, 3),
(392, 'Akunna Wuraola', 'H/CTE/22/9796', 2, 14),
(393, 'Lola Chinyere Omowale', 'H/CTE/22/8868', 1, 32),
(394, 'Akande Adewale', 'H/CTE/22/4685', 4, 22),
(395, 'Danjuma Yakubu Adewale', 'H/CTE/22/6845', 5, 2),
(396, 'Omawunmi Zainab Aigbiniode', 'H/CTE/22/4119', 1, 9),
(397, 'Omawunmi Rasheedah Yussuf', 'H/CTE/22/2036', 4, 5),
(398, 'Emeka Clare', 'H/CTE/22/1589', 6, 29),
(399, 'Uzodimma Onoriode Ajose-adeogun', 'H/CTE/22/3329', 6, 1),
(400, 'Tomiloba Latifat', 'H/CTE/22/2829', 2, 16),
(401, 'Toke Akande Wilcox', 'H/CTE/22/5379', 4, 28),
(402, 'Omolara Simisola Ajakaiye', 'H/CTE/22/2106', 1, 29),
(403, 'Oluwunmi Akanni David', 'H/CTE/22/7452', 4, 5),
(404, 'Isioma Hanifat', 'H/CTE/22/5646', 6, 1),
(405, 'Augustina Aminu Nwogu', 'H/CTE/22/7302', 4, 20),
(406, 'Adeboye Funmilayo Oyinkansola', 'H/CTE/22/2725', 5, 31),
(407, 'Oluwunmi Ayinde Hanifat', 'H/CTE/22/6509', 4, 5),
(408, 'Titi Titilayo Onyinyechukwu', 'H/CTE/22/5937', 6, 21),
(409, 'Efe Olasunkanmi-fasayo', 'H/CTE/22/8440', 1, 17),
(410, 'Rasheedah Titi Chidozie', 'H/CTE/22/6590', 6, 23),
(411, 'Rasheedah Simisola Olubunmi', 'H/CTE/22/3038', 4, 17),
(412, 'Chimamanda Jolayemi Mukaram', 'H/CTE/22/3930', 1, 31),
(413, 'Titilayo Lola Temitope', 'H/CTE/22/8736', 1, 20),
(414, 'Adedayo Adewunmi', 'H/CTE/22/7049', 2, 18),
(415, 'Bankole Damilola Oyelude', 'H/CTE/22/7621', 3, 3),
(416, 'Rasheedah Sumayyah Onyinyechukwu', 'H/CTE/22/3144', 5, 20),
(417, 'Akanni Ademayowa', 'H/CTE/22/9254', 3, 12),
(418, 'Emeka Chukwu Chidozie', 'H/CTE/22/4482', 6, 13),
(419, 'Yakubu Olasunkanmi-fasayo', 'H/CTE/22/7633', 3, 18),
(420, 'Gbeminiyi Ajose-adeogun', 'H/CTE/22/8291', 4, 5),
(421, 'Chiamaka Temitope', 'H/CTE/22/8690', 6, 19),
(422, 'Aminu Adewale', 'H/CTE/22/7827', 3, 16),
(423, 'Chizoba Chimamanda Onohinosen', 'H/CTE/22/9486', 6, 2),
(424, 'Chimamanda Obioma Isokun', 'H/CTE/22/1158', 2, 26),
(425, 'Ifunanya Obianuju', 'H/CTE/22/7849', 6, 3),
(426, 'Bankole Tolulope', 'H/CTE/22/9363', 4, 17),
(427, 'Fatima Sarah', 'H/CTE/22/5683', 4, 25),
(428, 'Olaide Rotimi Taiwo', 'H/CTE/22/2587', 4, 31),
(429, 'Akanni Olufunmi Samuel', 'H/CTE/22/2585', 6, 21),
(430, 'Titilayo Tamunoemi', 'H/CTE/22/5804', 5, 28),
(431, 'Simisola Afolabi', 'H/CTE/22/4228', 5, 27),
(432, 'Adeboye Damilare Ayobami', 'H/CTE/22/5284', 3, 8),
(433, 'Ayebatari Sekinat Ndukwu', 'H/CTE/22/3993', 1, 32),
(434, 'Abisola Odunayo', 'H/CTE/22/4271', 4, 2),
(435, 'Jadesola Titilope Latifat', 'H/CTE/22/2388', 4, 16),
(436, 'Adedayo Abiodun', 'H/CTE/22/5016', 4, 19),
(437, 'Adedayo Ayobami', 'H/CTE/22/4030', 4, 12),
(438, 'Omawunmi Sabdat', 'H/CTE/22/8663', 5, 6),
(439, 'Damilare Olumide', 'H/CTE/22/8979', 4, 20),
(440, 'Damilare Olufunmi Mutiat', 'H/CTE/22/7759', 3, 5),
(441, 'Yusuf Remilekun Ismail', 'H/CTE/22/6522', 4, 11),
(442, 'Chinyere Odunayo', 'H/CTE/22/4594', 1, 27),
(443, 'Ikhidie Remilekun Joshua', 'H/CTE/22/4227', 2, 21),
(444, 'Chiamaka Grace', 'H/CTE/22/8183', 2, 27),
(445, 'Abimbola Ayinde Odunayo', 'H/CTE/22/6532', 3, 8),
(446, 'Olaide Sekinat', 'H/CTE/22/8144', 3, 24),
(447, 'Remilekun Funmilayo Olumide', 'H/CTE/22/7548', 5, 22),
(448, 'Abimbola Onohinosen', 'H/CTE/22/1355', 1, 32),
(449, 'Zainab Nojeem', 'H/CTE/22/4803', 4, 8),
(450, 'Akande Ngozi', 'H/CTE/22/7692', 1, 26),
(451, 'Adaugo Nwachukwu', 'H/CTE/22/8993', 3, 13),
(452, 'Augustina Adaugo Katherine', 'H/CTE/22/3843', 2, 16),
(453, 'Titilayo Nwuzor', 'H/CTE/22/2799', 4, 31),
(454, 'Abisola Olasunkanmi', 'H/CTE/22/4736', 3, 25),
(455, 'Adeboye Tobiloba Olumide', 'H/CTE/22/7024', 4, 26),
(456, 'Wale Olumide Obiageli', 'H/CTE/22/8256', 2, 11),
(457, 'Gbeminiyi Adedayo Segunmaru', 'H/CTE/22/8185', 6, 28),
(458, 'Funmilayo Yussuf', 'H/CTE/22/3514', 6, 1),
(459, 'Toluwani Abiola', 'H/CTE/22/5031', 6, 8),
(460, 'Adaugo Salami', 'H/CTE/22/3793', 1, 8),
(461, 'Zainab Rasheedah Akeem-omosanya', 'H/CTE/22/1718', 4, 16),
(462, 'Ebiowei Wale Adeoluwa', 'H/CTE/22/5871', 3, 31),
(463, 'Obioma Omolara Emmanuel', 'H/CTE/22/6891', 2, 4),
(464, 'Rotimi Omobolanle', 'H/CTE/22/8664', 1, 12),
(465, 'Abisoye Sname Aligbe', 'H/CTE/22/6330', 1, 30),
(466, 'Sumayyah Emmanuel', 'H/CTE/22/2843', 5, 15),
(467, 'Bankole Abisola Olawale', 'H/CTE/22/5784', 2, 30),
(468, 'Abisoye Ogunwande', 'H/CTE/22/1597', 6, 9),
(469, 'Lolade Bankole Ogunbanwo', 'H/CTE/22/6223', 3, 17),
(470, 'Chisom Sekinat', 'H/CTE/22/6034', 2, 8),
(471, 'Efe Adaugo Ngozi', 'H/CTE/22/2423', 4, 9),
(472, 'Jolayemi Chinyere Muinat', 'H/CTE/22/5210', 4, 7),
(473, 'Omolara Chizoba Samuel', 'H/CTE/22/9484', 2, 28),
(474, 'Chinedu Tomiloba Ekwueme', 'H/CTE/22/8485', 4, 2),
(475, 'Fatima Titi Abiodun', 'H/CTE/22/7786', 3, 27),
(476, 'Shalewa Chukwu Akeem-omosanya', 'H/CTE/22/1162', 3, 16),
(477, 'Nnamdi Chidinma', 'H/CTE/22/4465', 4, 29),
(478, 'Yusuf Omolara', 'H/CTE/22/2127', 1, 2),
(479, 'Onoriode Kubura Akintade', 'H/CTE/22/2478', 4, 19),
(480, 'Toluwani Ifunanya Sabdat', 'H/CTE/22/7031', 6, 16),
(481, 'Akunna Mustapha', 'H/CTE/22/5994', 2, 8),
(482, 'Jadesola Musa Christian', 'H/CTE/22/7666', 4, 11),
(483, 'Ayinde Agboola', 'H/CTE/22/4088', 1, 21),
(484, 'Onoriode Maryjane', 'H/CTE/22/2813', 1, 17),
(485, 'Emmanuel Mayowa', 'H/CTE/22/6398', 4, 2),
(486, 'Ifunanya Augustina Ogunbanwo', 'H/CTE/22/6899', 1, 15),
(487, 'Ifeoma Ehigiator', 'H/CTE/22/1774', 4, 19),
(488, 'Ayebatari Aderonke', 'H/CTE/22/5721', 4, 2),
(489, 'Ikenna Aigbiniode', 'H/CTE/22/9772', 6, 30),
(490, 'Titi Egbochukwu', 'H/CTE/22/5637', 2, 7),
(491, 'Chizoba Odunayo', 'H/CTE/22/4280', 6, 18),
(492, 'Obioma Balogun', 'H/CTE/22/4472', 2, 1),
(493, 'Makinwa Funmilade Omobolanle', 'H/CTE/22/6054', 3, 13),
(494, 'Ifunanya Onome Mukaram', 'H/CTE/22/2789', 1, 32),
(495, 'Sumayyah Chinyere Elebiyo', 'H/CTE/22/9257', 1, 14),
(496, 'Adeboye Ireti Abiodun', 'H/CTE/22/5418', 4, 11),
(497, 'Cherechi Aremu', 'H/CTE/22/8324', 3, 5),
(498, 'Lola Adaugo Mobolaji', 'H/CTE/22/7246', 5, 20),
(499, 'Gbeminiyi Yaqub', 'H/CTE/22/8726', 6, 1),
(500, 'Oluwunmi Chibuike', 'H/CTE/22/3450', 5, 4),
(501, 'Chizoba Omolara Olubunmi', 'H/CTE/22/5013', 6, 12),
(502, 'Toluwani Babatunde', 'H/CTE/22/6473', 1, 21),
(503, 'Adedayo Banji Ademayowa', 'H/CTE/22/6409', 5, 19),
(504, 'Sumayyah Busari', 'H/CTE/22/1619', 5, 24),
(505, 'Ikenna Abosede', 'H/CTE/22/4628', 1, 2),
(506, 'Danjuma Ebiowei Katherine', 'H/CTE/22/2640', 2, 17),
(507, 'Ireti Toke Makuachukwu', 'H/CTE/22/1547', 1, 14),
(508, 'Danjuma Adaobi', 'H/CTE/22/4061', 4, 7),
(509, 'Jolayemi Ebiere Yaqub', 'H/CTE/22/3717', 1, 30),
(510, 'Chimamanda Chiamaka Wasiu', 'H/CTE/22/5751', 6, 27),
(511, 'Isioma Titilayo Agboola', 'H/CTE/22/6196', 4, 10),
(512, 'Tope Olasunkanmi-fasayo', 'H/CTE/22/3610', 1, 24),
(513, 'Chimamanda Zainab Abodunrin', 'H/CTE/22/4398', 2, 10),
(514, 'Onome Emmanuel', 'H/CTE/22/6145', 4, 2),
(515, 'Yusuf Shade Sekinat', 'H/CTE/22/7654', 5, 12),
(516, 'Adedayo Olufeyikemi', 'H/CTE/22/2768', 4, 5),
(517, 'Titi Sanusi', 'H/CTE/22/9859', 6, 32),
(518, 'Toluwani Lola Sulaimon', 'H/CTE/22/3483', 3, 26),
(519, 'Alade Clare', 'H/CTE/22/6906', 6, 18),
(520, 'Isioma David', 'H/CTE/22/8935', 3, 26),
(521, 'Funmilade Omolara', 'H/CTE/22/7508', 3, 29),
(522, 'Kayode Alade Olasunkanmi-fasayo', 'H/CTE/22/5015', 2, 10),
(523, 'Sekinat Sabdat', 'H/CTE/22/5570', 2, 23),
(524, 'Chimamanda Chidozie', 'H/CTE/22/3947', 2, 5),
(525, 'Ifunanya Adegboye', 'H/CTE/22/2471', 1, 30),
(526, 'Omawunmi Ifunanya Temitope', 'H/CTE/22/1772', 1, 17),
(527, 'Titilayo Adewunmi', 'H/CTE/22/5373', 1, 32),
(528, 'Makinwa Opeyemi', 'H/CTE/22/8977', 3, 11),
(529, 'Simisola Lawal', 'H/CTE/22/6826', 6, 25),
(530, 'Gbemisola Yusuf Gbogboade', 'H/CTE/22/3368', 2, 23),
(531, 'Ayebatari Isioma Chidozie', 'H/CTE/22/2634', 3, 2),
(532, 'Abisola Abimbola Ngozi', 'H/CTE/22/7313', 4, 11),
(533, 'Yakubu Tella', 'H/CTE/22/7332', 2, 24),
(534, 'Johnson Nnamdi Sylvester', 'H/CTE/22/3492', 4, 24),
(535, 'Banji Sanusi', 'H/CTE/22/3270', 1, 17),
(536, 'Adeboye Banji Chibuike', 'H/CTE/22/8438', 1, 8),
(537, 'Johnson Wale Chibuike', 'H/CTE/22/6413', 5, 21),
(538, 'Oluwunmi Esse Mutiat', 'H/CTE/22/9716', 1, 11),
(539, 'Omawunmi Chinyere Abiola', 'H/CTE/22/5557', 6, 11),
(540, 'Chiamaka Ogunbanwo', 'H/CTE/22/6578', 1, 19),
(541, 'Zainab Funmilayo', 'H/CTE/22/5046', 1, 12),
(542, 'Onome Ladega', 'H/CTE/22/1577', 6, 27),
(543, 'Funmilade Jimoh', 'H/CTE/22/4480', 1, 20),
(544, 'Chiamaka Sylvester', 'H/CTE/22/1481', 2, 21),
(545, 'Bukola Abisoye Gbadamosi', 'H/CTE/22/3612', 3, 6),
(546, 'Lola Agnes', 'H/CTE/22/9063', 3, 4),
(547, 'Emeka Chidozie', 'H/CTE/22/2946', 5, 16),
(548, 'Ayebatari Aminat', 'H/CTE/22/4407', 2, 11),
(549, 'Akunna Isioma Adaobi', 'H/CTE/22/1382', 4, 16),
(550, 'Ifeoma Emmanuel', 'H/CTE/22/9131', 6, 20),
(551, 'Chizoba Simisola Gbogboade', 'H/CTE/22/7500', 5, 4),
(552, 'Omawunmi Omawunmi Omobolanle', 'H/CTE/22/9903', 5, 28),
(553, 'Cherechi Ladega', 'H/CTE/22/5132', 2, 26),
(554, 'Emeka Egbochukwu', 'H/CTE/22/6332', 4, 27),
(555, 'Tari Tope Babatunde', 'H/CTE/22/6239', 6, 5),
(556, 'Ireti Adewura', 'H/CTE/22/4149', 1, 7),
(557, 'Tomiloba Adedayo Yaqub', 'H/CTE/22/8558', 1, 28),
(558, 'Chiamaka Adebayo', 'H/CTE/22/8530', 6, 8),
(559, 'Obioma Titilayo Justina', 'H/CTE/22/7742', 2, 22),
(560, 'Abimbola Ayomide', 'H/CTE/22/2421', 1, 15),
(561, 'Akunna Miracle', 'H/CTE/22/4903', 2, 29),
(562, 'Ebiere Ekwueme', 'H/CTE/22/5834', 5, 22),
(563, 'Omawunmi Chinyere Ayomide', 'H/CTE/22/9776', 6, 23),
(564, 'Chimamanda Gbadamosi', 'H/CTE/22/7400', 1, 11),
(565, 'Aminu Chiamaka Isokun', 'H/CTE/22/9952', 3, 15),
(566, 'Chinyere Fatima Elizabeth', 'H/CTE/22/3552', 3, 29),
(567, 'Jadesola Nnamdi Chibuike', 'H/CTE/22/7735', 2, 16),
(568, 'Ikenna Gbeminiyi Obianuju', 'H/CTE/22/2104', 5, 3),
(569, 'Ifeanyichukwu Abisola Funmilayo', 'H/CTE/22/2297', 2, 9),
(570, 'Damilare Emmanuel', 'H/CTE/22/2256', 3, 28),
(571, 'Ayebatari Bamisebi', 'H/CTE/22/4083', 2, 20),
(572, 'Temitope Ayinde Agnes', 'H/CTE/22/1248', 5, 28),
(573, 'Zainab Chizoba Akeem-omosanya', 'H/CTE/22/2519', 3, 5),
(574, 'Musa Sekinat', 'H/CTE/22/5724', 5, 16),
(575, 'Jadesola Kimberly', 'H/CTE/22/6926', 1, 12),
(576, 'Adaugo Adeoluwa', 'H/CTE/22/3565', 1, 10),
(577, 'Ifeoma Aminat Mutiat', 'H/CTE/22/7234', 6, 23),
(578, 'Zainab Obioma Olutola', 'H/CTE/22/1861', 4, 1),
(579, 'Ikenna Oluwunmi Akintade', 'H/CTE/22/9078', 4, 2),
(580, 'Onome Mustapha', 'H/CTE/22/6868', 2, 19),
(581, 'Adaugo Efe Obianuju', 'H/CTE/22/2216', 2, 11),
(582, 'Omawunmi Sumayyah Isokun', 'H/CTE/22/8297', 5, 29),
(583, 'Musa Alade Oluwaseyi', 'H/CTE/22/9237', 4, 4),
(584, 'Emeka Bamisebi', 'H/CTE/22/6901', 1, 19),
(585, 'Chukwu Chidinma', 'H/CTE/22/7019', 4, 28),
(586, 'Rasheedah Onome Afolabi', 'H/CTE/22/3650', 3, 25),
(587, 'Rasheedah Obioma Sarah', 'H/CTE/22/4439', 3, 6),
(588, 'Rotimi Omobolanle', 'H/CTE/22/9507', 1, 9),
(589, 'Olufunmi Kemi Salami', 'H/CTE/22/3140', 2, 15),
(590, 'Titi Tamunoemi', 'H/CTE/22/3655', 3, 25),
(591, 'Titilayo Kayode', 'H/CTE/22/9800', 2, 5),
(592, 'Akunna Aremu', 'H/CTE/22/4673', 1, 18),
(593, 'Nnamdi Mutiat', 'H/CTE/22/2094', 6, 5),
(594, 'Isioma Hanifat', 'H/CTE/22/1130', 4, 4),
(595, 'Aminu Aderonke', 'H/CTE/22/6521', 5, 32),
(596, 'Alade Yakubu David', 'H/CTE/22/7674', 2, 23),
(597, 'Lolade Omobolanle', 'H/CTE/22/9420', 1, 4),
(598, 'Kubura Buchi Babalola', 'H/CTE/22/2787', 1, 3),
(599, 'Ikhidie Adegoke Afunku', 'H/CTE/22/9793', 3, 19),
(600, 'Akunna Chizoba Adeoluwa', 'H/CTE/22/3544', 4, 25),
(601, 'Chisom Tomiloba Bello', 'H/CTE/22/4901', 6, 17),
(602, 'Akanni Taiwo', 'H/CTE/22/2245', 6, 26),
(603, 'Gbeminiyi Tope Ayisat', 'H/CTE/22/5392', 1, 11),
(604, 'Alade Muyiwa Oluwatosin', 'H/CTE/22/5349', 5, 31),
(605, 'Isioma Akeem-omosanya', 'H/CTE/22/7068', 1, 20),
(606, 'Toke Emmanuel Jamiu', 'H/CTE/22/4174', 6, 30),
(607, 'Obioma Peter', 'H/CTE/22/5567', 3, 30),
(608, 'Adeboye Jamiu', 'H/CTE/22/6361', 6, 5),
(609, 'Funmilade Okonkwo', 'H/CTE/22/3128', 1, 27),
(610, 'Ayebatari Ifunanya David', 'H/CTE/22/2412', 6, 22),
(611, 'Onome Simisola Justina', 'H/CTE/22/3986', 5, 24),
(612, 'Omawunmi Toluwani Lawal', 'H/CTE/22/3394', 6, 18),
(613, 'Funmilade Kemi Osuagwu', 'H/CTE/22/4486', 6, 19),
(614, 'Buchi Onohinosen', 'H/CTE/22/9263', 2, 28),
(615, 'Tomiloba Obianuju', 'H/CTE/22/4107', 6, 22),
(616, 'Emeka Emeka Olasunkanmi', 'H/CTE/22/4969', 1, 10),
(617, 'Adaugo Mustapha', 'H/CTE/22/9027', 2, 24),
(618, 'Shade Adegoke', 'H/CTE/22/8764', 6, 9),
(619, 'Azubuike Johnson Ademola', 'H/CTE/22/4508', 2, 10),
(620, 'Olumide Olumide Aderinsola', 'H/CTE/22/5842', 5, 7),
(621, 'Adaugo Omowale', 'H/CTE/22/5700', 2, 16),
(622, 'Funmilayo Chinedu Aligbe', 'H/CTE/22/7866', 2, 31),
(623, 'Tobiloba Obianuju', 'H/CTE/22/3027', 1, 31),
(624, 'Ifeoma Isioma Sylvester', 'H/CTE/22/8741', 4, 16),
(625, 'Omolara Lola Elizabeth', 'H/CTE/22/1252', 3, 8),
(626, 'Lolade Abisoye Kimberly', 'H/CTE/22/1188', 4, 23),
(627, 'Akunna Chinyere Latifat', 'H/CTE/22/9992', 6, 15),
(628, 'Tomiloba Bankole Omobolaji', 'H/CTE/22/5598', 3, 20),
(629, 'Gbeminiyi Danjuma Osuagwu', 'H/CTE/22/9487', 4, 14),
(630, 'Chimamanda Ademayowa', 'H/CTE/22/7098', 5, 14),
(631, 'Musa Bukola Omowale', 'H/CTE/22/3321', 1, 1),
(632, 'Olaide Ebiowei Adeoluwa', 'H/CTE/22/1222', 4, 12),
(633, 'Obioma Augustina Ayomide', 'H/CTE/22/5752', 6, 30),
(634, 'Funmilayo Jimoh', 'H/CTE/22/8052', 2, 3),
(635, 'Chinedu Adegboye', 'H/CTE/22/5412', 1, 1),
(636, 'Zainab Onome Maryjane', 'H/CTE/22/5844', 4, 4),
(637, 'Olaide Akintade', 'H/CTE/22/6006', 1, 31),
(638, 'Danjuma Ladega', 'H/CTE/22/2071', 6, 1),
(639, 'Ayebatari Amaechi', 'H/CTE/22/6250', 4, 19),
(640, 'Alade Johnson Ayomide', 'H/CTE/22/6436', 6, 22),
(641, 'Wale Adewura', 'H/CTE/22/3946', 5, 16),
(642, 'Adedayo Ademola', 'H/CTE/22/2994', 1, 10),
(643, 'Chimamanda Joshua', 'H/CTE/22/4596', 5, 19),
(644, 'Muyiwa Leonard', 'H/CTE/22/6548', 4, 9),
(645, 'Adeboye Chisom Oluwakemi', 'H/CTE/22/8556', 5, 32),
(646, 'Chinedu Oyebola', 'H/CTE/22/7926', 1, 8),
(647, 'Gbemisola Adewale', 'H/CTE/22/9594', 5, 17),
(648, 'Augustina Ayebatari Chidozie', 'H/CTE/22/8565', 4, 28),
(649, 'Chinyere Sekinat Oyelude', 'H/CTE/22/8266', 6, 14),
(650, 'Danjuma Mohammed Olumide', 'H/CTE/22/4856', 6, 29),
(651, 'Lola Adebayo', 'H/CTE/22/9762', 2, 20),
(652, 'Chinyere Toluwani Miracle', 'H/CTE/22/7044', 1, 14),
(653, 'Buchi Olaide Samuel', 'H/CTE/22/7612', 4, 19),
(654, 'Onome Nwachukwu', 'H/CTE/22/9378', 4, 3),
(655, 'Chinedu Funmilade Kayode', 'H/CTE/22/3018', 3, 21),
(656, 'Makinwa Toke Mutiat', 'H/CTE/22/1052', 1, 4),
(657, 'Aminu Sekinat Osuagwu', 'H/CTE/22/5199', 1, 26),
(658, 'Ifunanya Chinyere Chidinma', 'H/CTE/22/8370', 2, 27),
(659, 'Rotimi Aigbiniode', 'H/CTE/22/9790', 1, 7),
(660, 'Gbemisola Adeboye Israel', 'H/CTE/22/4858', 2, 2),
(661, 'Jadesola Egbochukwu', 'H/CTE/22/5891', 2, 9),
(662, 'Bankole Temitope Kayode', 'H/CTE/22/4730', 2, 30),
(663, 'Onoriode Ireti Atanda', 'H/CTE/22/4366', 1, 31),
(664, 'Shalewa Christian', 'H/CTE/22/5618', 3, 1),
(665, 'Adaugo Obioma Babatunde', 'H/CTE/22/4781', 3, 14),
(666, 'Wale Egbochukwu', 'H/CTE/22/7063', 6, 25),
(667, 'Ayinde Oluwakemi', 'H/CTE/22/3143', 4, 3),
(668, 'Sekinat Efe Adewale', 'H/CTE/22/9330', 5, 11),
(669, 'Rotimi Tari Aremu', 'H/CTE/22/8619', 5, 7),
(670, 'Ayebatari Omolara Odunayo', 'H/CTE/22/3008', 3, 22),
(671, 'Oluwunmi Banji Maryam', 'H/CTE/22/3560', 3, 27),
(672, 'Akanni Oluwaseyi', 'H/CTE/22/3664', 4, 13),
(673, 'Adaugo Adewale', 'H/CTE/22/7136', 4, 2),
(674, 'Akunna Ifunanya Adewunmi', 'H/CTE/22/8293', 1, 29),
(675, 'Ebiere Onome Olasunkanmi-fasayo', 'H/CTE/22/7456', 6, 25),
(676, 'Kemi Adedayo Sarah', 'H/CTE/22/6791', 6, 20),
(677, 'Ebiere Habeeb', 'H/CTE/22/1427', 2, 22),
(678, 'Augustina Adewale', 'H/CTE/22/2599', 6, 16),
(679, 'Obioma Onome Opeyemi', 'H/CTE/22/6543', 1, 31),
(680, 'Ebiere Nwogu', 'H/CTE/22/8607', 6, 27),
(681, 'Titilayo Wasiu', 'H/CTE/22/1048', 6, 27),
(682, 'Esse Peter', 'H/CTE/22/5030', 4, 15),
(683, 'Isioma Jolayemi Tolulope', 'H/CTE/22/6580', 6, 12),
(684, 'Wale Tella', 'H/CTE/22/6081', 3, 4),
(685, 'Rasheedah Aminu Aigbiniode', 'H/CTE/22/9895', 6, 11),
(686, 'Aminu Ifunanya Adewale', 'H/CTE/22/9222', 3, 4),
(687, 'Ikenna Odunayo', 'H/CTE/22/7264', 4, 23),
(688, 'Onome Aminat Nojeem', 'H/CTE/22/6051', 3, 6),
(689, 'Omolara Efe Gbogboade', 'H/CTE/22/1646', 2, 12),
(690, 'Chiamaka Sekinat Aigbiniode', 'H/CTE/22/3062', 1, 20),
(691, 'Sekinat Ayobami', 'H/CTE/22/2714', 2, 9),
(692, 'Adeboye Rotimi Chibike', 'H/CTE/22/7487', 2, 3),
(693, 'Efe Titilayo Jamiu', 'H/CTE/22/7495', 6, 21),
(694, 'Toluwani Akunna Elebiyo', 'H/CTE/22/5232', 6, 17),
(695, 'Toke Olaide Sarah', 'H/CTE/22/8699', 3, 2),
(696, 'Isioma Jolayemi Ladega', 'H/CTE/22/9775', 1, 28),
(697, 'Kemi Funmilade Chidinma', 'H/CTE/22/1663', 4, 7),
(698, 'Olufunmi Adegoke Tella', 'H/CTE/22/9909', 4, 27),
(699, 'Sekinat Olufeyikemi', 'H/CTE/22/7586', 6, 12),
(700, 'Jadesola Akeem-omosanya', 'H/CTE/22/6796', 1, 7),
(701, 'Tobiloba Oluwakemi', 'H/CTE/22/2006', 5, 6),
(702, 'Titilope Oluwaseyi', 'H/CTE/22/9558', 5, 21),
(703, 'Makinwa Ayomide', 'H/CTE/22/2432', 3, 23),
(704, 'Zainab Chizoba Chibike', 'H/CTE/22/2096', 4, 28),
(705, 'Oluwunmi Latifat', 'H/CTE/22/3778', 6, 3),
(706, 'Aminu Olawale', 'H/CTE/22/1360', 6, 12),
(707, 'Johnson Olaide Oladeji', 'H/CTE/22/5735', 2, 17),
(708, 'Sname Temitope Ademola', 'H/CTE/22/9898', 5, 17),
(709, 'Makinwa Remilekun Adewura', 'H/CTE/22/3252', 1, 27),
(710, 'Efe Omobolanle', 'H/CTE/22/4051', 6, 20),
(711, 'Sekinat Rasheedah Ajose-adeogun', 'H/CTE/22/1445', 1, 3),
(712, 'Abimbola Alade Adeyemo', 'H/CTE/22/4605', 3, 32),
(713, 'Adaugo Zainab Obianuju', 'H/CTE/22/3391', 1, 22),
(714, 'Ifeanyichukwu Ayomide', 'H/CTE/22/7205', 5, 12),
(715, 'Ebiere Ifunanya Christian', 'H/CTE/22/2837', 5, 6),
(716, 'Shade Mutiat', 'H/CTE/22/2375', 5, 15),
(717, 'Ebiere Oyebola', 'H/CTE/22/1345', 5, 8),
(718, 'Chiamaka Chiamaka Olasunkanmi-fasayo', 'H/CTE/22/4025', 3, 9),
(719, 'Johnson Musa Segunmaru', 'H/CTE/22/9430', 6, 14),
(720, 'Muyiwa Jadesola Bello', 'H/CTE/22/7708', 1, 32),
(721, 'Remilekun Abisoye Oladeji', 'H/CTE/22/1866', 3, 19),
(722, 'Ifeanyichukwu Salami', 'H/CTE/22/6654', 6, 20),
(723, 'Esse Remilekun Tolulope', 'H/CTE/22/1303', 6, 3),
(724, 'Gbeminiyi Ayobami', 'H/CTE/22/2529', 2, 25),
(725, 'Kubra Agnes', 'H/CTE/22/4507', 6, 13),
(726, 'Johnson Ikhidie Habeeb', 'H/CTE/22/2034', 6, 19),
(727, 'Chiamaka Lola Habeeb', 'H/CTE/22/7563', 1, 25),
(728, 'Sname Oladeji', 'H/CTE/22/9763', 4, 13),
(729, 'Aminat Ebiere Funmilayo', 'H/CTE/22/7571', 6, 32),
(730, 'Toke Adegboye', 'H/CTE/22/1550', 6, 6),
(731, 'Onome Iyalla', 'H/CTE/22/8295', 6, 19),
(732, 'Adaugo Elizabeth', 'H/CTE/22/3297', 1, 22),
(733, 'Aminu Isokun', 'H/CTE/22/9886', 2, 16),
(734, 'Buchi Mustapha', 'H/CTE/22/2101', 1, 26),
(735, 'Remilekun Abiola', 'H/CTE/22/2472', 4, 14),
(736, 'Chiamaka Onome Nwachukwu', 'H/CTE/22/6593', 1, 2),
(737, 'Adaugo Ayebatari Elizabeth', 'H/CTE/22/7782', 2, 2),
(738, 'Jadesola Ayinde Ismail', 'H/CTE/22/6368', 5, 16),
(739, 'Habiba Abiola', 'H/CTE/22/2046', 5, 23),
(740, 'Remilekun Rotimi Wilcox', 'H/CTE/22/5007', 5, 1),
(741, 'Ifunanya Omolara Olubukola', 'H/CTE/22/5599', 2, 30),
(742, 'Jolayemi Efe Nwogu', 'H/CTE/22/8756', 3, 20),
(743, 'Adegoke Oluwatosin', 'H/CTE/22/2404', 4, 28),
(744, 'Olufunmi Chinedu Oluwaseyi', 'H/CTE/22/2365', 4, 4),
(745, 'Zainab Temitope', 'H/CTE/22/4143', 2, 21),
(746, 'Chiamaka Lola Emmanuel', 'H/CTE/22/8964', 4, 10),
(747, 'Ireti Yusuf Aremu', 'H/CTE/22/2732', 3, 31),
(748, 'Augustina Sumayyah Nwogu', 'H/CTE/22/8250', 4, 5),
(749, 'Adaugo Joshua', 'H/CTE/22/1914', 5, 19),
(750, 'Omawunmi Aminu Adeyemo', 'H/CTE/22/5071', 4, 18),
(751, 'Chimamanda Sumayyah Esther', 'H/CTE/22/8978', 1, 15),
(752, 'Akande Tobiloba Agboola', 'H/CTE/22/5164', 5, 5),
(753, 'Augustina Ayomide', 'H/CTE/22/1654', 5, 19),
(754, 'Augustina Abosede', 'H/CTE/22/5291', 3, 6),
(755, 'Tobiloba Olutola', 'H/CTE/22/8189', 1, 20),
(756, 'Musa Adewura', 'H/CTE/22/1809', 5, 6),
(757, 'Akunna Oyelude', 'H/CTE/22/4606', 5, 19),
(758, 'Tobiloba Rotimi Emmanuel', 'H/CTE/22/8020', 4, 1),
(759, 'Wale Olubunmi', 'H/CTE/22/7108', 5, 6),
(760, 'Abisola Adesina', 'H/CTE/22/3490', 2, 16),
(761, 'Emmanuel Akintade', 'H/CTE/22/5241', 1, 16),
(762, 'Tobiloba Tobiloba Mogbadunade', 'H/CTE/22/3976', 3, 12),
(763, 'Omawunmi Cherechi Justina', 'H/CTE/22/9164', 6, 8),
(764, 'Efe Adeniyan', 'H/CTE/22/6397', 1, 18),
(765, 'Muyiwa Kubra Joshua', 'H/CTE/22/2979', 3, 24),
(766, 'Azubuike Katherine', 'H/CTE/22/2586', 6, 25),
(767, 'Funmilade Egbochukwu', 'H/CTE/22/2382', 4, 28),
(768, 'Tope Yusuf Nwogu', 'H/CTE/22/7043', 5, 30),
(769, 'Funmilayo Banji Sulaimon', 'H/CTE/22/3716', 2, 32),
(770, 'Ayebatari Chimamanda Ayomide', 'H/CTE/22/3692', 6, 4),
(771, 'Omolara Oluwaseyi', 'H/CTE/22/8578', 5, 19),
(772, 'Shade Clare', 'H/CTE/22/8781', 6, 25),
(773, 'Damilola Shalewa Adewunmi', 'H/CTE/22/3879', 3, 1),
(774, 'Damilola Emmanuel Chidinma', 'H/CTE/22/4373', 2, 7),
(775, 'Chimamanda Chinyere Israel', 'H/CTE/22/2162', 2, 14),
(776, 'Chukwu Justina', 'H/CTE/22/9206', 2, 4),
(777, 'Rasheedah Omowale', 'H/CTE/22/9003', 2, 32),
(778, 'Azubuike Aderinsola', 'H/CTE/22/3835', 1, 3),
(779, 'Wale Lolade Afunku', 'H/CTE/22/2602', 6, 2),
(780, 'Lolade Bello', 'H/CTE/22/2523', 5, 29),
(781, 'Shade Abisola Wilcox', 'H/CTE/22/3366', 4, 3),
(782, 'Omolara Chinyere Adeyemo', 'H/CTE/22/2333', 3, 4),
(783, 'Olufunmi Oluwaseyi', 'H/CTE/22/7109', 3, 8),
(784, 'Muyiwa Kemi Oluwashina', 'H/CTE/22/4553', 6, 7),
(785, 'Adeboye Ikenna Mayowa', 'H/CTE/22/4963', 2, 16),
(786, 'Fatima Toluwani Afunku', 'H/CTE/22/6653', 4, 14),
(787, 'Aminat Obioma Sekinat', 'H/CTE/22/1865', 2, 27),
(788, 'Titilope Oladeji', 'H/CTE/22/7435', 5, 5),
(789, 'Chinyere Akintade', 'H/CTE/22/4221', 6, 29),
(790, 'Kemi Ajakaiye', 'H/CTE/22/6594', 5, 13),
(791, 'Augustina Titilayo Abosede', 'H/CTE/22/3050', 6, 18),
(792, 'Zainab Ifeoma Elizabeth', 'H/CTE/22/2166', 5, 32),
(793, 'Omolara Efe Clare', 'H/CTE/22/1955', 6, 32),
(794, 'Chiamaka Emmanuel', 'H/CTE/22/1649', 5, 4),
(795, 'Chukwu Tope Mobolaji', 'H/CTE/22/7996', 5, 10),
(796, 'Ebiere Rasheedah Chidozie', 'H/CTE/22/6888', 6, 1),
(797, 'Banji Agnes', 'H/CTE/22/8255', 1, 26),
(798, 'Sumayyah Nojeem', 'H/CTE/22/7862', 4, 12),
(799, 'Chinyere Taiwo', 'H/CTE/22/6681', 1, 29),
(800, 'Ifeanyichukwu Wilcox', 'H/CTE/22/7225', 1, 2),
(801, 'Ifunanya Elizabeth', 'H/CTE/22/1120', 2, 22),
(802, 'Chizoba Rasheedah Samuel', 'H/CTE/22/7603', 5, 5),
(803, 'Tope Oluwakemi', 'H/CTE/22/3412', 3, 23),
(804, 'Ayebatari Toluwani Motalo', 'H/CTE/22/5801', 6, 7),
(805, 'Cherechi Obiageli', 'H/CTE/22/4250', 2, 14),
(806, 'Danjuma Adewale', 'H/CTE/22/9181', 4, 29),
(807, 'Ebiere Akunna Olubukola', 'H/CTE/22/4830', 1, 12),
(808, 'Gbemisola Emeka Tella', 'H/CTE/22/8302', 4, 5),
(809, 'Rotimi Maryjane', 'H/CTE/22/4067', 1, 9);

--
-- Indexes for dumped tables
--

--
-- Indexes for table `admin`
--
ALTER TABLE `admin`
  ADD PRIMARY KEY (`id`);

--
-- Indexes for table `Attendance`
--
ALTER TABLE `Attendance`
  ADD PRIMARY KEY (`id`);

--
-- Indexes for table `Courses`
--
ALTER TABLE `Courses`
  ADD PRIMARY KEY (`course_id`),
  ADD KEY `level_id` (`level_id`),
  ADD KEY `semester_id` (`semester_id`);

--
-- Indexes for table `Departments`
--
ALTER TABLE `Departments`
  ADD PRIMARY KEY (`department_id`);

--
-- Indexes for table `Lecturers`
--
ALTER TABLE `Lecturers`
  ADD PRIMARY KEY (`lecturer_id`);

--
-- Indexes for table `Levels`
--
ALTER TABLE `Levels`
  ADD PRIMARY KEY (`level_id`),
  ADD KEY `program_id` (`program_id`);

--
-- Indexes for table `Programs`
--
ALTER TABLE `Programs`
  ADD PRIMARY KEY (`program_id`);

--
-- Indexes for table `Semesters`
--
ALTER TABLE `Semesters`
  ADD PRIMARY KEY (`semester_id`);

--
-- Indexes for table `Students`
--
ALTER TABLE `Students`
  ADD PRIMARY KEY (`id`);

--
-- AUTO_INCREMENT for dumped tables
--

--
-- AUTO_INCREMENT for table `admin`
--
ALTER TABLE `admin`
  MODIFY `id` int(11) NOT NULL AUTO_INCREMENT, AUTO_INCREMENT=2;

--
-- AUTO_INCREMENT for table `Attendance`
--
ALTER TABLE `Attendance`
  MODIFY `id` int(11) NOT NULL AUTO_INCREMENT, AUTO_INCREMENT=8;

--
-- AUTO_INCREMENT for table `Courses`
--
ALTER TABLE `Courses`
  MODIFY `course_id` int(11) NOT NULL AUTO_INCREMENT, AUTO_INCREMENT=769;

--
-- AUTO_INCREMENT for table `Departments`
--
ALTER TABLE `Departments`
  MODIFY `department_id` int(11) NOT NULL AUTO_INCREMENT, AUTO_INCREMENT=33;

--
-- AUTO_INCREMENT for table `Lecturers`
--
ALTER TABLE `Lecturers`
  MODIFY `lecturer_id` int(11) NOT NULL AUTO_INCREMENT, AUTO_INCREMENT=145;

--
-- AUTO_INCREMENT for table `Levels`
--
ALTER TABLE `Levels`
  MODIFY `level_id` int(11) NOT NULL AUTO_INCREMENT, AUTO_INCREMENT=7;

--
-- AUTO_INCREMENT for table `Programs`
--
ALTER TABLE `Programs`
  MODIFY `program_id` int(11) NOT NULL AUTO_INCREMENT, AUTO_INCREMENT=10;

--
-- AUTO_INCREMENT for table `Semesters`
--
ALTER TABLE `Semesters`
  MODIFY `semester_id` int(11) NOT NULL AUTO_INCREMENT, AUTO_INCREMENT=3;

--
-- AUTO_INCREMENT for table `Students`
--
ALTER TABLE `Students`
  MODIFY `id` int(11) NOT NULL AUTO_INCREMENT, AUTO_INCREMENT=810;

--
-- Constraints for dumped tables
--

--
-- Constraints for table `Courses`
--
ALTER TABLE `Courses`
  ADD CONSTRAINT `Courses_ibfk_1` FOREIGN KEY (`level_id`) REFERENCES `Levels` (`level_id`),
  ADD CONSTRAINT `Courses_ibfk_2` FOREIGN KEY (`semester_id`) REFERENCES `Semesters` (`semester_id`);

--
-- Constraints for table `Levels`
--
ALTER TABLE `Levels`
  ADD CONSTRAINT `Levels_ibfk_1` FOREIGN KEY (`program_id`) REFERENCES `Programs` (`program_id`);
COMMIT;

/*!40101 SET CHARACTER_SET_CLIENT=@OLD_CHARACTER_SET_CLIENT */;
/*!40101 SET CHARACTER_SET_RESULTS=@OLD_CHARACTER_SET_RESULTS */;
/*!40101 SET COLLATION_CONNECTION=@OLD_COLLATION_CONNECTION */;
